transaction_id,customer_id,transaction_date,amount,product_category,payment_method
96969e17-6838-4024-a801-8deb9696cfa8,789bde95-2291-43c1-aec7-a45588af5c44,2025-05-03 01:21:23.683806,493.87,Electronics,Debit Card
69c65374-81ae-4ba2-af52-0ecb58df22eb,6fddc65c-c396-45a2-921d-5542584aac97,2024-09-18 09:16:37.205429,50.18,Groceries,Credit Card
348a0bb9-68a7-4125-a3c2-56c5ae1ce7ea,8886b1c3-79c4-44d9-b2a1-8bbabe1b78a0,2025-03-30 22:03:57.785744,413.6,Clothing,Debit Card
9f948424-175a-4f94-8b2e-0c29c97b4e51,88fdae83-299d-4d8d-a0b1-48f51b9a53ba,2024-10-18 18:21:33.267163,428.5,Clothing,Bank Transfer
789cd860-b288-40a7-894c-dd06fdb452fb,a8be314e-328e-43d4-a1b6-a9506ad78b2e,2025-04-30 22:05:13.380278,132.16,Home,Credit Card
a7e264e8-0f72-4851-a8ff-a1084456b0ed,86b1723e-7789-49ee-a148-6b35eec5a9f5,2025-06-11 22:39:25.898477,274.78,Books,Debit Card
903c5d24-ec23-4674-ae7a-5fd13c47797c,d38ccff2-f035-49ed-9fa5-247a2985049a,2025-03-04 07:07:22.087796,215.83,Clothing,Bank Transfer
32af4bf4-6f90-42db-8139-5b1663b41bfa,3ebc5550-fc17-493a-8d0d-1aa1f39f7554,2024-09-21 16:38:22.292745,325.06,Home,Bank Transfer
3a7a5aed-30e3-4c76-8b9a-752f8597aa5f,fca82385-fdca-4d06-b41f-c35fad4fbf1b,2024-08-11 08:05:04.148690,192.6,Home,Credit Card
146d9e0b-715e-4473-9f3d-f94373665b2e,15ecb201-bfe0-446e-8fcb-570373115ab2,2025-06-27 16:13:17.502002,326.9,Groceries,Debit Card
bb96c482-0e10-493c-abea-af7ab240da0b,202422cc-b639-4c19-b615-d3b445494467,2024-12-04 07:36:30.116442,374.33,Clothing,Bank Transfer
99f94abb-c507-4198-8de7-d5e7d7690365,85cf5618-ca96-4e79-a6de-2c3eae645deb,2025-02-04 14:28:17.260666,293.48,Groceries,PayPal
6b7691ba-9c35-4c4e-956f-d33de966fce2,429f5e4e-42bc-4f37-aaf8-0fbc583e5537,2024-12-20 01:30:16.417383,356.08,Clothing,Bank Transfer
755db7ab-1bad-46ea-a2ee-4bfdef017890,96bcbabc-1458-4b90-b769-39f6a6aad5bb,2025-05-26 13:15:02.627768,352.34,Home,Credit Card
130e6555-8704-410a-80df-004318df8b8b,d2eb0053-ea23-4fee-97df-d71a10b83003,2024-10-09 08:29:34.177665,311.72,Books,Credit Card
0eb28bb1-d1b0-4399-a0ce-6f9d38a6d898,e092ee51-a088-425c-a704-73d2e038218a,2025-03-19 18:20:43.359441,490.98,Clothing,Bank Transfer
d43f62ff-2f71-41d9-86cf-d53c5c19bd73,87d7153a-bc31-4674-ae93-d9c7cc7f8f86,2025-01-05 01:49:11.041723,411.45,Electronics,Debit Card
59aec5bf-1503-46de-8706-e12b95cfbca5,827698fd-a08a-49ac-895c-9f7b08f79bc0,2025-01-07 11:10:57.236072,99.4,Electronics,Bank Transfer
af528dac-3f59-49ce-a6a0-6dcdbe1d5310,3d6737e8-bd11-423d-91c0-26b6cb19ae60,2025-06-18 16:44:26.261566,25.27,Clothing,Bank Transfer
721af8b9-12ef-41b8-bbc7-d38b7f93d265,11d55957-6b4d-4b6e-86b0-7ff4c4f64729,2025-02-23 15:09:31.650784,295.55,Groceries,PayPal
fd9e8893-b32c-4b4c-bf79-1dfba169a98c,f749103e-6d8b-4c5d-8373-9dbd5ce9c1b5,2024-08-08 05:52:58.430112,343.0,Clothing,Bank Transfer
23ec978a-193b-4d5b-90c5-6f92201c5fc2,e196d402-cab2-412b-a5f7-447a12ae6dfc,2024-08-11 11:19:41.850259,302.66,Clothing,PayPal
2dc942d0-d7b0-4529-be53-068c2cb79c1f,f5f1d694-f56b-4733-937b-5e394fe63075,2024-09-15 02:35:25.272419,312.69,Home,Credit Card
9e241778-b32d-4249-b9e0-a4b7cbd08437,c11ff9cf-fac7-449b-a2d5-23203ce1bf5f,2024-11-30 10:06:10.441566,362.31,Groceries,Credit Card
ab9a561e-7855-4ee2-8566-2061cae0bdd9,b2af74f8-8d59-4031-a91b-fccc9a067ad5,2024-12-11 06:19:13.579172,75.21,Books,PayPal
c9a354eb-51c1-4540-b8fd-3dfaa72f2ce3,c2301876-184c-4c85-a4fb-dcdc2b5f0181,2025-04-22 19:41:52.264741,460.24,Electronics,PayPal
c2a5637b-faa1-4f3c-a301-d2cede2a0b0e,b3373ffd-3d7a-4f0e-8985-e2b658c0de53,2025-05-23 12:35:01.370148,421.35,Home,Bank Transfer
f8303434-a00a-4497-a8c6-4b3b05db1e05,b623a26c-f4fb-48f8-b8fc-80c2f419ae88,2025-07-05 12:59:43.284647,400.15,Groceries,PayPal
8fad3fe3-c7d3-4d6b-a17d-79be2b628334,c92aa727-46fe-48e3-bbe8-3ae0b63f0406,2024-10-29 13:36:06.925883,496.76,Books,Bank Transfer
eca441b6-cf60-4cd4-9b32-9032b7615a33,6b0067be-a1b5-4141-a171-7dfbbb85a46d,2025-06-07 13:59:35.468191,171.74,Groceries,PayPal
448865a8-fa12-44c1-a2c4-dec4141560db,c8048098-abac-47f0-840d-45b76647563d,2025-07-13 11:49:50.473159,415.65,Electronics,Credit Card
ad53b22c-1605-49f4-b45c-91574671d4ff,1b6b3967-c880-4366-83c6-0023760f776d,2025-02-19 03:00:48.186363,48.44,Home,Credit Card
a18d6949-dcb7-4adf-ad92-e9c711dd9b38,e2a3e15c-e84e-4a91-acc8-829899f886a1,2024-09-20 22:57:22.652588,350.14,Home,Credit Card
611243d4-55f5-4d77-ad0e-a3a9d3c26f79,e1e6a585-b4ec-48ef-8d3b-c0abd9763f7d,2024-09-13 17:28:40.082124,26.64,Groceries,Credit Card
87661ca3-4667-4147-a4d3-b855dedd490a,9ba7406c-0be0-4869-9c9c-c76230242fb0,2024-09-09 15:42:23.403923,277.67,Electronics,PayPal
5b9abccb-d980-494e-972d-4d5fefe28fc8,ae9cf1f8-ac4b-43c4-8185-6f8e78ceefa8,2024-10-16 22:55:25.619731,333.25,Home,PayPal
218e26d1-f9ef-41c6-b061-8ece27642e43,246f3c4d-e99c-4ff4-964e-206475ad25c8,2024-10-04 21:27:24.524512,354.73,Books,Bank Transfer
140b99e5-2d6f-4592-ae46-66ebe88dccdc,26ffb1c0-35ff-4179-bb27-b94d8c9753b7,2024-10-03 10:35:32.621718,259.73,Clothing,PayPal
ffd9d32d-ef6e-468d-b2a6-fa1706a7bebd,328526d4-97d5-45be-80bf-d7d0766daad9,2025-07-15 07:15:00.878099,5.66,Clothing,Bank Transfer
f1da4be6-7ca8-4eb0-aaae-9121776e2141,1465e873-fb30-4266-8f07-6c742493817d,2025-03-17 21:19:45.762262,370.87,Groceries,Debit Card
d29ac9d2-dac5-4328-9a73-3a0429b80228,0c6693e0-1541-43fa-956c-7cbc2b6f1c79,2024-08-16 13:26:04.366258,327.56,Home,Credit Card
891cae37-8e5e-4957-9687-5bd45d0544d8,96b93d3b-6517-4444-a2c8-5f189b8a3a05,2025-05-16 18:22:16.356945,275.7,Home,Bank Transfer
7d93c1f7-a297-46ad-a04a-85fe1b45f256,368f853f-1f7e-4751-b39e-0f97950cea32,2025-05-08 10:11:41.756742,262.16,Groceries,Bank Transfer
57c72f19-6184-4e6e-aeea-ec80e00a888f,9b9129b7-6b21-47e3-a2f0-125de444188a,2024-11-17 06:53:06.593240,387.95,Clothing,PayPal
cf84b9ab-9f2a-4d21-8972-9a2c9646195e,499330aa-9131-4bbb-a1bf-541c6da464de,2024-10-10 08:57:35.191344,167.95,Home,Bank Transfer
97560d04-96ae-4623-9a89-66e7b4974a1f,41b56a10-91a5-43eb-bc89-b6b39246f4d5,2025-03-11 13:05:24.303031,208.51,Books,Debit Card
275ae259-db03-41b8-bb37-8da2ba9132c1,da3a2d63-edad-40a1-ac92-667ddcafccdb,2024-11-19 00:09:54.903004,93.75,Electronics,Bank Transfer
9d144728-0ee6-44cb-aef0-97bebfbaae0b,735e1f79-d25e-4cba-8fb6-51e73fa5c398,2025-01-30 23:21:14.614953,168.83,Home,Debit Card
4151d8eb-6731-4caa-907d-1b9c1cc73641,302b8451-3df6-47cb-b0d0-c75cbfc3cf40,2025-05-06 12:34:40.374892,389.32,Home,Bank Transfer
cd75e6e2-2dc4-48ad-8599-d615d84f1d47,35ec9460-f5ac-4ed4-9ddd-f898690c387b,2025-03-27 20:33:02.633722,391.45,Electronics,Bank Transfer
ffcdf7e6-e550-41e3-828b-9e6a080ca8d1,5fa01305-de25-405e-96c2-018dc8a3f20e,2025-01-22 20:56:02.146206,246.5,Groceries,Credit Card
500bb406-4a0b-4dca-a12f-cd13b2abe204,80e629b6-0458-4d80-a53f-f1f925c38795,2025-04-17 06:29:04.583640,169.55,Home,Bank Transfer
5d31b771-e506-40dd-9409-8ffb9c8b12a0,ef7ed6e7-76fe-4121-b5a9-11b229f7641c,2024-08-28 08:51:16.661288,357.47,Groceries,Bank Transfer
3a7176df-fbf7-4194-bcc6-36e52a83e18c,6ed0f16a-3504-4522-a9ee-3056859fa28b,2024-12-03 21:03:21.796171,488.0,Groceries,PayPal
a5e17879-06b1-4949-a3f8-2b17beca2c3e,44cb6505-a35c-42c6-8a8b-11b004493e88,2024-09-04 09:11:53.125117,182.46,Books,PayPal
2e39fdf9-e53d-4266-ba53-558562ba0bf5,b24f2372-8d9d-431e-872f-64d81f044de9,2024-08-05 08:41:46.784573,476.89,Groceries,Credit Card
05253754-4932-4400-a281-e028fbb5e66d,078a1dc6-6b58-4040-b3ed-9301a40a6340,2025-05-10 08:34:27.521049,285.91,Clothing,Credit Card
fbf00e9f-42c9-4b4f-8405-562d5d4ff116,cb535d0b-603d-4dfc-8589-d06ad74a323e,2025-02-20 04:41:57.671297,417.54,Electronics,Credit Card
b19d30d4-2d1d-4a6e-a02c-7bf3d7981c89,b2629a63-5b60-4974-9055-df6e9cd48070,2024-07-20 04:33:47.307078,18.6,Home,PayPal
589af720-e5d8-4888-889f-04d38fcc4165,2a3716ec-7fc4-4cc6-9bd1-a7e3ec57294c,2024-12-01 23:31:58.878627,249.77,Books,Debit Card
bbfed9b0-39ce-4fa2-8192-03f1b59e3ac9,c365b88c-a88f-4db9-a352-f4203cfcb048,2025-02-25 17:09:56.612416,357.11,Clothing,PayPal
9c1285a9-a1bd-44d8-bc65-d255c53035c2,98ac75b8-f83a-4124-a079-9b96eab84489,2024-09-09 06:01:09.622678,61.7,Home,PayPal
7dab960f-2ec5-4824-836b-362b14d8595a,6292d9e6-c884-46c4-8c46-2d4a37539400,2024-12-29 03:54:29.305244,77.41,Groceries,Bank Transfer
9be94b9f-eabd-47f4-b50f-62c47e7d1ca7,c3ad69f8-c44f-4ca0-897f-b7ddcb054b70,2024-12-05 21:21:51.642014,158.1,Electronics,PayPal
fbf32e19-9c20-41f5-902e-2458d568f451,6434d03f-0222-416a-b464-d0ac7997f9ef,2024-08-28 10:52:07.448694,454.65,Books,Credit Card
d0c8af76-7f0d-4327-8354-f7181f8dd0e9,0ba795b4-e10e-4339-bb40-09b16001e36c,2024-10-26 00:11:21.907618,374.97,Clothing,PayPal
19e803b6-cb86-4584-a63a-1ffaf887f006,96c7e117-b9a3-44b7-96f2-1c9961623186,2025-02-22 17:51:31.140558,117.39,Electronics,PayPal
d6c25181-18e4-4337-9a41-aff5ba11a52d,b8a25b5a-0503-4aee-a362-e3f83b4843c2,2025-02-17 14:30:47.523427,30.8,Groceries,Debit Card
0cc8ef2d-38d0-4ecd-9689-1b272d075b8d,6bf62568-6cc5-4f03-ba6d-4651e09505f7,2024-10-30 17:06:35.154259,105.23,Clothing,Bank Transfer
142a59ac-1417-4221-9492-b064da1926a3,d532461f-395a-4ae9-932d-41e42edeb0f6,2024-11-08 16:37:22.554187,205.21,Groceries,Debit Card
bbbb2ae6-f818-4680-b775-9935edfd670a,18f84a90-45be-4bf1-a328-852d0c66b697,2024-08-23 09:33:30.877468,46.78,Electronics,Debit Card
afa16d29-228b-4039-aee7-e185ed803544,72759018-1798-4e23-bf96-943d496e29d7,2025-04-20 08:52:31.521094,273.94,Clothing,Credit Card
2796e0aa-d04f-454b-b02f-7f1c5ac5bc94,e80da069-8e7f-4559-8ec4-b3e25bed9691,2025-05-08 14:10:51.027007,329.89,Groceries,Bank Transfer
66192c01-4ec7-4421-8542-7df093da9e41,893588bb-1b29-43ec-a077-9ba0338d322b,2025-07-02 23:46:18.885121,238.4,Clothing,PayPal
462e8429-d37e-44ec-93ef-378aa4ccd10f,3fb1b479-8752-4aea-8c30-d1edaa2d8a9e,2025-01-04 08:14:12.124792,205.8,Books,PayPal
ac6bd100-55f3-4564-a23a-433e9cb1bf38,2f458770-acd4-4c19-a7e5-3d87fdd6dd61,2024-12-24 20:01:05.554853,78.04,Electronics,Credit Card
aff1337e-f41f-4d2e-8655-47a349b2336a,1e1af0b6-8f10-48b5-b3f0-5e5cafe92f99,2024-12-31 07:39:11.388599,480.24,Clothing,Credit Card
1a8cf14b-2ee0-4ea5-abb9-f9f987570586,3ae1baee-1f6d-4a94-a686-d01b599db0a4,2024-11-08 03:14:35.730658,375.65,Home,PayPal
dddf2788-2e37-4524-bd19-502d87341a64,12e29d48-9bc9-4686-bd55-aeb9494a98b5,2024-09-18 00:40:24.583748,457.22,Groceries,PayPal
7cabd1ff-49bd-4218-aaf3-edc0b6477a27,1f7b84cf-872c-47ba-b0fc-2a7fe0374b58,2024-12-05 19:01:08.071116,212.85,Clothing,Debit Card
50a12875-8f0e-410c-acf2-b2831da81b94,3871820c-3f77-48da-83ef-8535e0f048b6,2024-09-30 20:04:58.299339,279.75,Electronics,Debit Card
1315ce0e-a933-4674-abe7-2c97f1070e8d,9411bca8-3f52-46b9-a6f1-58b2dde3b308,2025-03-07 04:52:22.098917,286.84,Electronics,Bank Transfer
fcc978fb-8f26-438d-b475-b0031e40d6a9,87e5a8d8-2080-41bb-8d4d-890c1650cf7e,2025-04-02 11:02:34.471572,268.28,Home,Credit Card
8be1fdda-cd63-47ff-8270-46bb2ca175e2,02c43d09-48c0-462e-bd44-bff9b21735eb,2025-04-21 14:40:26.080322,24.8,Books,Credit Card
cc3734af-3cd3-4edd-a018-382b293acc3c,89528946-a331-4f38-aa0b-2572282983c3,2025-02-13 04:09:03.412758,105.34,Clothing,Bank Transfer
a0a9d46f-07b5-4579-b0d5-d88429247b98,d08cc1af-5fd3-42b0-b0f8-a254b64fb4b8,2025-05-21 11:33:57.353642,246.98,Clothing,Bank Transfer
13325bde-c065-41b5-b9c9-bbb7f1251aba,3ae6f675-047c-419f-a6c0-655e4b194c65,2024-10-29 01:41:42.545369,31.83,Books,Credit Card
66436112-6cd4-4a8c-9acf-46be1338d181,7e6dda6f-958c-46c1-a453-d18ab2ef548e,2024-11-17 16:05:25.097655,105.49,Books,Credit Card
2120cc35-15c1-4d6e-a2b7-58941f27d125,ba245ed1-32ef-4c81-bc3b-e0c83eb78a06,2024-09-13 04:31:53.787052,445.32,Clothing,Bank Transfer
8bcdce06-0490-40f1-a4c7-a9a3c9d93d87,9240e15e-f59a-46c3-a6c3-653b4dadd837,2024-10-29 11:51:40.601363,52.53,Home,Credit Card
b0000782-2a14-4eeb-9d46-8064b72ac8ab,6b6eef4d-a6c0-4aa3-8bd2-c9def972e2ae,2024-11-18 23:04:32.123469,340.59,Clothing,PayPal
586f6a92-e6ad-497b-b6c5-9f4c5599cb07,37d04054-ef35-4669-ace9-24b0b59a024c,2024-09-24 06:56:35.120844,169.17,Groceries,PayPal
0e5ea59f-e44b-4b84-950f-294a708bc2e3,b5d1f104-bd3a-464d-9a31-4433aba2e77b,2025-06-10 00:37:47.692485,420.97,Clothing,PayPal
6e227d43-29ab-44dd-9892-d38f1a281e78,88b3f4eb-e72c-46e0-b740-b90ca9164b64,2024-10-06 04:03:15.332846,338.14,Groceries,PayPal
a4b00397-2c0d-48f5-a87f-d44567bdebff,75ecd943-77b6-4974-9ce6-7075e12a20b1,2025-02-22 09:47:33.643753,126.05,Clothing,Debit Card
d965c18b-e9c4-40e3-a5ea-4d55cadf387f,b5075be4-847f-4a00-b5aa-ad842072d333,2025-02-17 17:12:21.480748,54.25,Home,Debit Card
98cac45c-290f-4da8-bbdb-adaa11ef55ea,e7fd0d9b-3350-4a54-a031-798d1f3e586d,2024-09-25 17:06:08.571778,109.13,Groceries,Debit Card
78904f00-8c1b-44f1-a86f-c975a5c72f30,d7469398-bf4e-4148-83c3-627dcce907a9,2025-02-21 16:11:27.051618,233.41,Electronics,Debit Card
1c57fa92-75b5-4579-b761-c846044d811c,05a4a8bb-2818-4477-843c-8de8543e6d52,2024-12-12 23:19:00.901728,482.79,Books,Credit Card
84b47e45-694a-4b90-90db-ef172a8a1e5d,9086153d-c63e-4392-b040-e51c033e2284,2024-10-06 04:36:22.318728,267.95,Books,Bank Transfer
e697aabc-6237-42e1-98d2-1629629c107c,39fcf02e-9137-4e3f-bbd6-9f6770265de3,2025-03-09 18:06:56.016364,462.53,Groceries,Debit Card
66b51c7c-b83a-454e-947d-9b022ccdb783,0a4ac655-de14-4b7c-b602-8e470f2fe4a5,2025-05-13 19:45:07.076881,464.1,Books,Credit Card
ca3eb767-fff8-4f31-aaea-4873749d9ebf,4d987a07-11db-4159-90f3-722c583bc244,2024-10-28 20:57:54.619284,387.09,Home,Bank Transfer
9b284749-8a52-440c-a300-3c01bff5b710,0809aa97-de5a-401f-94ae-e5eee9781895,2024-12-02 07:44:38.553662,135.1,Groceries,Credit Card
e20d4138-6eef-483a-bbd7-3ee6ec978da2,212b78ba-c51b-419e-9edd-197769bb45d3,2025-06-22 16:05:24.117722,249.06,Home,Debit Card
ce2c193d-8638-4072-850d-387fe3375732,d1263fdd-223a-4a63-9aad-4eb60fbcdd8b,2024-08-20 22:30:40.121673,449.85,Home,Bank Transfer
f3838f9a-8af1-49a0-a266-0f22c505393e,dceb6f87-c8e6-4384-b4da-1cbb12b94a6a,2025-05-06 02:44:02.906528,383.24,Groceries,Debit Card
0fa9c233-54c4-4668-a5a8-1c806abf57db,833bb253-5011-4fb3-9787-1bfbcd93cdd3,2025-04-14 21:54:01.034877,195.82,Books,Debit Card
8aff8b0a-4a6e-4fe4-abdc-d7c961d9df61,96f31e85-ee6b-4477-b8e8-95ae6c4b5f10,2025-03-24 14:50:32.642511,467.46,Groceries,PayPal
4e446911-5a79-43b4-bdd8-16b13c41bf58,6a82c1fa-e093-4424-acbd-95a117102268,2024-09-14 22:08:29.255002,468.79,Home,Debit Card
1208a89c-9e9c-4d34-b6df-05050f2d7d03,2de72d34-cbec-48ba-9ae2-813079d867e7,2024-07-19 19:12:18.928522,391.44,Books,Bank Transfer
2a041ba6-c14d-4433-b94d-8b37034e36f3,aa7ff2cc-3900-4fd4-8103-85242417d9b6,2024-10-12 12:19:03.364358,217.98,Electronics,PayPal
243ce16e-b94c-4adc-857c-f14da34ca1ec,d51627b1-b961-417c-939c-05cf75757c7f,2025-04-24 15:16:14.617942,282.73,Clothing,Bank Transfer
0879b612-14df-49b1-acfa-271bd5572053,bb011579-45ba-4ac3-851f-eb6c08867f3d,2025-05-21 05:17:42.551069,124.31,Books,Bank Transfer
2921970d-73c9-48bb-b337-80e36d824b63,a929040a-187e-45d4-8a53-bfe955cc043f,2025-03-13 04:40:20.122877,130.93,Books,PayPal
e9aebaa8-e0c4-4688-9008-a00e56b62eed,58f0bf6d-962c-4412-834e-63a3810bae43,2024-10-17 09:46:40.923292,411.07,Electronics,PayPal
50dbe0c7-15e1-4488-9aef-c0564d1b85b6,61a0ddac-fe02-48ba-98fa-acdd5c3e0a89,2025-04-09 10:04:40.403019,77.16,Clothing,Bank Transfer
660a251d-3040-4dc9-a3c6-d4d648214143,fd09a5ca-11aa-48a4-bb0d-36243279d489,2025-06-20 08:24:34.019666,56.61,Books,Bank Transfer
ee88e79c-358d-4a06-ac1c-09bb6495fee3,94e7109f-ed37-46c5-a53f-442a48d8e629,2024-12-23 22:30:54.850969,188.76,Groceries,Credit Card
6500040b-4061-4a33-8ecd-983572577333,be037861-94b3-42ca-9ac9-b91d30b5c299,2024-07-22 17:45:10.593740,143.65,Electronics,Debit Card
bf31825a-cd9c-4d0d-be61-ea425d92da97,6134b5ad-80d6-45fb-b293-60cd039ea4bc,2025-05-27 08:18:19.126138,208.93,Home,PayPal
e30540a9-f3a0-4f66-a45e-25a5e64cc91f,cdc53e81-eb81-4007-8d5a-480c5229af4e,2025-03-13 20:31:10.234997,479.47,Clothing,Credit Card
c570100d-546a-4abc-b64f-de4340d60217,f4fbeb61-a41b-48f8-be96-62ecaf28f052,2024-12-26 15:33:43.494138,86.56,Home,PayPal
aedd531a-714e-43bc-bfaa-360c5b51622b,3f7426cf-f906-4c79-b984-5824d604bace,2025-01-20 01:00:06.110539,420.01,Books,Debit Card
ce9fa3ff-04d2-428a-9112-0f35f20ae8ab,c894c2d7-4e79-4cf0-a714-7edbbb8c1f57,2024-09-23 10:09:44.767733,73.58,Electronics,Credit Card
ccc33983-8371-45e7-8aad-6095d36632a9,ef9c4483-c872-426a-ad32-49bbc83d0e5f,2024-08-18 11:23:16.014399,449.16,Home,PayPal
6d7d5ec3-dce3-41d6-96e2-334a8978cc5a,ebd3ea03-6595-4d00-8c12-b92f4dc40640,2025-06-06 10:28:43.475686,344.26,Books,Debit Card
6dea1ae8-a609-4082-9ec9-c7657b64ac33,3c772a2f-c169-44c1-973b-0bae40ebeab6,2025-01-30 15:36:35.478528,203.45,Books,Credit Card
6cb77d16-757b-4387-b035-f6d152682f4c,d8e56e8b-131c-4bed-a6e5-83ee5c9d9b64,2024-10-07 01:10:21.514027,199.67,Groceries,Bank Transfer
1600d226-5e9f-46c4-bfa0-0c3cb8be573d,c6d4e85d-3a08-4c91-80d2-46147f0811e4,2025-02-09 06:24:07.270298,16.13,Books,Credit Card
6b9a59c5-2a16-43e0-9433-1999cb3a1c40,7a2cee25-b85a-4025-abd9-4825fc3d5bb9,2024-09-17 11:31:02.057344,448.06,Groceries,Debit Card
b517b798-d70a-4ffc-b423-d88738195988,fa7df378-47b7-4cf8-8362-f3b85697bf04,2025-06-11 01:05:13.263640,459.0,Groceries,Bank Transfer
1af4ef50-48e0-4783-b559-db7e9e9d7eb0,6cf4fd94-80a9-4993-bbcc-229524a4e176,2025-02-28 04:42:49.688382,173.99,Books,Bank Transfer
edec1a36-ddbf-4764-b68e-017eb2fc6f27,c2d5cfd9-426b-4150-8ff6-01a3a91bfb24,2025-05-27 20:00:57.642025,405.28,Home,Debit Card
af48159c-d159-41ad-9ea6-a5ebe6f28222,053ee90c-c21b-435a-85cd-51295decb037,2024-10-04 20:27:38.267698,458.21,Clothing,Credit Card
e03b975c-f00f-4a93-ab95-db80fd30ba6f,fa31109e-fd10-4107-95d1-1fd6e446bcbe,2025-06-25 10:42:00.671639,389.68,Clothing,PayPal
6d74615d-4cff-424d-be24-7b95d3ff9344,b4464f86-2215-4413-8239-c8926146602d,2025-05-26 02:07:15.939149,389.87,Groceries,Debit Card
2628cef3-d454-480d-9696-7b9c4bc82b0d,f0b2dbd8-d8a5-4684-a982-5ed0e877e4b3,2024-08-04 18:24:01.386989,476.91,Electronics,PayPal
5caebfdf-6ab6-46fd-98ee-27766505ac8a,9dc1e4c8-05bf-4aff-b5ad-2f97a6f3ef2d,2024-08-29 16:54:52.619913,133.02,Home,Debit Card
a6fef521-8d62-4f18-b0bd-8f744a462132,af49b9bc-2d58-41b3-a79a-822ffacab28e,2025-03-04 03:28:11.202827,260.13,Groceries,Bank Transfer
e5c3bed4-075f-4b22-b6ca-4ccee3d4a2dd,e3c4e56d-4ef2-49ac-adf5-1f63b11edc62,2025-06-11 22:12:13.193518,489.65,Home,Credit Card
59b71eb2-1fb3-40e4-93fd-00131cf20900,2d83ae86-c10d-4c69-b54f-dafc244df974,2024-12-08 01:39:56.032656,462.37,Clothing,Debit Card
bfee3223-2945-4a22-945a-42902ce0fa28,4a374510-6b16-4cd9-b522-df4e184103b8,2024-07-20 19:41:04.183229,414.82,Books,PayPal
6f70682b-3c98-48db-96a3-c56333f5750d,8ebe7e64-5673-4c56-a220-967a8dd70129,2024-09-23 01:30:30.078844,231.26,Books,PayPal
a88c27cf-8d7c-4051-8bb8-842725c8a20d,a72faab1-2beb-4b9a-8386-653a613b3899,2024-12-31 23:30:01.907921,84.68,Electronics,Debit Card
d54e41f9-f4c4-4a8f-928f-5992eadc33e4,01dcc94c-e612-4537-9df5-3050e9d2b84c,2025-04-26 06:53:46.405439,435.96,Books,Credit Card
a42fc8ff-8f6b-4291-bb87-a09906d7fe87,4a153d15-ffd3-48fb-9b0c-fbb734e169ad,2024-11-18 03:25:00.778882,194.39,Clothing,PayPal
a7af450a-a030-4e44-874d-ffd364e603df,230165a1-54ce-40ab-a29f-5133ee20a324,2024-11-21 22:55:33.381139,272.92,Clothing,Debit Card
b7e2c925-95fc-4cda-88e8-ec3e2eea26dc,1f0269da-b95d-4671-9139-7e66985b2ebc,2025-01-07 11:22:11.940546,64.57,Clothing,Debit Card
c17ab206-1830-475d-8e48-897a63fa9db3,cd809a85-5719-4f35-ae89-c023e6c5f162,2025-03-31 01:33:08.393241,148.93,Clothing,PayPal
5df4a590-ae95-4248-9b8e-e8455b960255,8f3bf787-2b59-42ee-84f7-43860b57a281,2024-08-01 16:06:47.688130,27.04,Books,Bank Transfer
15bc7aa1-e7d1-42e6-bea2-3b5141113a89,938b8740-55ab-42d0-a398-0957d8eac47c,2025-07-01 14:35:51.298015,325.65,Groceries,Debit Card
55ada7f5-f1a7-4a47-8e7a-093b56eab10c,43eab56c-7985-47b0-932e-a20248bb2e6f,2024-08-17 03:21:13.151966,240.82,Clothing,Credit Card
37cd9e32-ec78-496f-9aee-09d6f8b78bc1,e994f4e8-779d-4c44-a893-c42349898f62,2025-03-23 05:14:28.197500,484.55,Clothing,PayPal
39ec329b-bd56-430b-bcdc-6791e44574d3,baacceda-51cd-4359-9ee9-5bcc94d265ac,2024-10-28 04:27:32.611877,24.23,Electronics,Bank Transfer
9b52cb15-9aa1-4018-ab3d-04b0a2f69860,ee3dd616-c29f-4cc8-811f-54b96b710c47,2025-05-18 12:11:42.512897,146.55,Electronics,Debit Card
76648900-fe52-42d6-9144-aaa32f6aa49a,140c1f68-8adc-40d9-9ad1-5918b1f7f15d,2025-06-02 14:03:30.560757,127.1,Electronics,Credit Card
0e04598c-5287-4c2d-915c-f35c7ee66d0f,fc102124-5155-455f-8451-1f228d2a0bb4,2024-07-25 01:24:38.539967,396.85,Clothing,PayPal
f2231ca3-69c4-4b0c-afbb-dbba380cc577,93ea8a1c-65bf-40ca-95d5-d184bd6e4f6a,2024-10-04 15:15:22.431363,37.48,Groceries,Bank Transfer
ba477406-11b2-4cd7-a677-c3e485f88ea5,a81deb20-5970-4729-ab52-870dad4c59ab,2025-07-05 17:30:34.731855,227.89,Home,PayPal
19276400-5761-4ffa-b06b-9512d5aaff6d,9e05ffbd-d3b8-489b-95c3-708079326e1c,2024-12-04 10:33:53.740600,335.73,Clothing,Bank Transfer
a00978ec-1f87-4f02-b7a5-c4788c30c55c,ead66eee-b286-4d6e-b39d-f00dea3f1cce,2024-07-21 14:36:30.686707,308.32,Home,PayPal
d4ca9a50-b428-4cd9-9422-54118ba76660,722d3fd7-e752-42ef-8c37-580818ce5883,2025-05-05 15:16:10.859287,298.06,Electronics,PayPal
4ac98422-e006-458e-9d7d-cc12b2cba7a7,42d1f53b-2243-4ced-afb7-23c9bb22d672,2025-07-03 23:27:55.894185,391.16,Clothing,PayPal
5a978ca2-5e35-4a70-9f9c-340e86dcd1cb,3c9f8563-bc91-4f82-9b4f-a8cb3a7990ba,2024-08-14 15:00:13.791193,221.13,Groceries,Bank Transfer
735275f2-7f8f-4296-b69a-de639c508fb9,099a2e20-11a2-40b4-940d-5f976afc6af2,2024-09-29 07:20:45.918052,76.82,Electronics,Credit Card
f748152f-b96a-456a-9b54-d7f843f8061c,c11b2b5b-6e5f-4198-8902-443abf0880c7,2024-10-26 22:21:43.716424,290.38,Home,Bank Transfer
de14631a-7658-4ea3-9dd7-23cbe469dafa,deaeee73-323e-4815-98b5-10fcc91d06e3,2024-10-11 12:50:19.873125,357.36,Home,Debit Card
9dc44906-2d3a-4624-b874-95d9220ffbf8,9eeafc4f-ca89-495a-8036-3f86ce962d6f,2025-04-24 01:03:09.548619,24.36,Home,Bank Transfer
cc0f602c-d262-4613-a66e-ec653bc01423,59b1b7c4-6b59-4028-9ae8-e855ca9b589d,2024-08-08 14:23:44.436926,76.86,Groceries,PayPal
67eca26c-99f0-408a-9cb5-7d03d17b2182,bbb15a40-a6c8-4295-a85a-470397b156ed,2025-02-19 05:22:44.695465,378.01,Home,Bank Transfer
bdfcc5b7-040a-4cfe-a6bb-fe04c307718a,f7f86d9c-a7de-49d5-9c09-dd161088961b,2025-05-24 18:49:24.691403,28.0,Home,Debit Card
437df7ad-86c7-42a0-9d4d-628f03385c85,d573bc64-53df-40dd-a9a0-cbe0cb0e894e,2025-06-28 21:29:44.572752,212.81,Books,PayPal
209e1494-4056-45c2-be1b-6ad037194dba,821ee7c2-b53e-43b1-9ea8-9926bcb4901c,2024-09-16 17:35:59.084592,43.08,Books,PayPal
08b8bb49-029c-4f0c-b45f-74fe2940a409,1a4d7f00-387d-44e2-acdf-570763cbf644,2025-06-27 07:03:10.413433,476.12,Groceries,PayPal
20c3c4d0-23f3-4e03-83c5-5ef9a0f983ae,fc95c20d-133e-43cd-b2d6-8243636179ee,2025-03-04 20:57:09.066484,122.88,Books,PayPal
767d0cbb-35a9-4b0a-af50-eadad92b341d,97c7c925-1dfd-4369-ba05-78dbdbfffe40,2025-02-04 00:30:58.888439,55.41,Clothing,Credit Card
bddd269f-39ae-4804-a07b-339b2d7ec7d7,aa9028f2-ac7b-473d-a4db-410aaf6b9f2a,2025-03-04 21:21:37.410708,156.52,Groceries,Debit Card
92842e03-8789-4a2d-9f64-fa9a5060acac,d1eda56a-94db-4179-9720-a369d934c696,2025-03-24 07:54:25.276550,376.66,Electronics,Debit Card
0d205ace-6b4a-484c-9e3c-3ee25d3f6708,eab0c826-8f50-4838-ab26-f07ee25b84bc,2025-03-29 09:13:16.274497,191.96,Groceries,Debit Card
a22766b8-9d37-485b-b331-93f4657718ff,1af7a935-46c4-43ca-985a-331afe131d3a,2025-01-18 00:07:24.534425,150.36,Home,Credit Card
53470925-2b95-4fd2-811c-25bb4c9b7c42,d2b3a58a-40b0-4382-9b94-fcb831df4c27,2024-09-16 07:05:34.771384,345.13,Books,Debit Card
5b2a9166-1e8a-46ec-9264-3d867a8fbaa6,e0aa8701-7837-47c0-8cd7-3d9f786e24ef,2025-04-02 12:50:08.275194,335.54,Electronics,Debit Card
bb33cb2a-261f-4c03-a613-08eedb52e7c1,c7e2741c-42be-4f12-b103-ee29d7c09e63,2024-12-03 09:32:19.794091,334.13,Groceries,PayPal
de4be963-ea4e-42e5-9fda-a5ef6b493158,381199e2-2c45-4bb6-b54e-f8284970d69a,2024-11-21 03:54:50.280884,64.8,Books,Debit Card
d9f79dbd-f1c6-4bcc-bf89-549428f0891e,88802640-bdab-4386-86b2-ae5160003031,2024-12-23 20:50:24.415880,277.92,Home,Bank Transfer
14501aed-889f-4e27-bb38-398c7b3fab78,c8df70e5-63df-4f26-87a9-ee4db18d9997,2024-08-01 02:50:55.090529,174.26,Home,Debit Card
5d1af646-26b7-42ce-8672-a832ef16f11d,b2ec15a3-c5c9-4999-88b9-1b9d82b9aff9,2025-01-24 21:55:58.217186,306.45,Books,Debit Card
42e818d0-26fa-4ef0-beca-3fb4e760b1e4,cd42c16a-eb9c-49d8-a79e-7701b08ecfdd,2024-12-17 04:22:53.396316,460.07,Clothing,Credit Card
c10806e9-1856-4a4d-8f89-a84fd31e7f92,3a1df968-b2d0-47e8-8d39-34ad95f3261b,2024-07-22 05:49:48.467595,98.44,Electronics,Credit Card
722ede0e-8342-4462-a1e8-f1d7c0cedc81,050cd400-fc75-4be0-9fe6-665c9a36225d,2025-06-12 18:41:21.315127,247.66,Clothing,PayPal
c754ea14-31cc-4364-b4c4-25c12cafc5a4,d5e67116-4915-445d-ada5-1bc77a1b70b6,2024-09-24 03:49:08.676020,299.84,Clothing,Bank Transfer
6ec585eb-1c1e-493d-96df-83a726d5badb,cda13b5b-23a1-4a29-ae6c-584857d018ce,2025-05-19 19:48:04.245424,129.32,Groceries,Bank Transfer
87e2994e-2c8d-4312-99e7-cd5e9dc7e77f,692021a1-0b75-469e-bd4d-89b9cd1d83ae,2024-12-31 06:13:45.619131,153.02,Clothing,PayPal
bf7d10b5-2096-4dfb-bbf1-ef70297ec9b2,93449aaa-6b35-4ece-873e-9c431e1da433,2024-11-27 13:37:37.506680,341.85,Groceries,Debit Card
aad17ae2-f58b-40f5-97de-24b5a31ce092,e6e558b2-db98-4d96-aa09-a5fb4b3f446d,2024-09-09 03:12:13.850238,121.23,Groceries,Bank Transfer
98f5a1b3-722a-4241-b75d-f79c3f7b00b9,46ff15ef-370e-4487-9c06-9590982fdc49,2024-11-12 09:23:50.772769,374.82,Electronics,Bank Transfer
b1cfc02f-5218-431c-afa9-b37fa0cb8809,da712fca-c185-4e72-b76e-6a7cf3272c03,2025-06-26 11:05:56.319725,125.03,Clothing,Debit Card
242a4927-6e97-4ffa-8c54-b7ea7beca678,fa03796b-574e-4633-b342-41c0b9a2ec85,2025-04-06 13:26:29.771635,345.38,Home,Credit Card
f1fd1a89-b257-4a69-939d-eda8f877d70f,42e440bd-9013-43e8-9cd9-5eae550df049,2024-07-30 09:35:03.828503,287.91,Clothing,Credit Card
40d44fff-749a-4e15-99b3-4baed65caad0,641bbbc5-4fd6-47ec-a26f-7dd11f6c9a9f,2024-08-06 13:01:45.787136,158.07,Clothing,Credit Card
06b8dad5-159d-4295-a907-5ead9784f46e,69440b18-8806-4cea-bb51-1cfc1773003e,2025-01-07 16:58:01.743210,67.24,Home,Debit Card
be31dbc2-868e-423d-89a0-1499545c263a,99e2179c-c565-4fbd-962e-5907634b9dea,2024-10-27 13:08:51.807875,340.31,Home,PayPal
b1fba62f-6f7e-437b-bb81-f650315908ac,057af3a3-8920-4e9e-93bb-89335ff57d46,2024-10-12 03:29:35.637279,346.16,Clothing,Bank Transfer
3b0bf255-9373-449c-a8cc-ecc2297891d0,e0c45061-762b-40ec-8bed-94e0536b7e80,2024-09-18 17:12:52.991616,389.73,Groceries,Bank Transfer
25962c8e-b4bd-4180-a01d-c6f0b0bda78e,d2eb489c-a7d6-4467-aec7-34d3ba3fc9d5,2024-12-13 00:03:45.364616,303.26,Clothing,Credit Card
3ce16c10-3215-4fe8-a117-e7e405dc524c,a81a7e42-8624-49c9-b293-1e2fb7e8df63,2025-03-22 07:44:29.576676,448.22,Home,Debit Card
275b7db0-e28f-459f-b5a2-a9a35b95d811,a51f5bf9-1b88-4993-9550-4a6c95597bde,2024-08-18 08:48:46.567440,288.31,Electronics,Credit Card
ff4c1955-889e-46f5-8e1a-c905d2adba5c,5f65c691-17c2-4038-8f9b-3ab165ee8d3f,2024-10-22 14:06:20.812813,448.47,Clothing,PayPal
284e45a1-a624-4ea3-a2cf-5a6baf4b0930,ed4913a6-4342-4f52-8fa6-ce8e39d8082d,2025-06-18 02:31:58.252795,325.18,Groceries,Credit Card
bcf4ec49-6aaa-4159-b418-42f0cb5820ec,829f6ae5-9ce1-4091-8064-9e03691876a3,2024-12-29 05:52:25.797145,280.73,Clothing,Credit Card
1ff8c887-2a05-4dc3-8c6e-6c362e4fde93,5a0dc314-ffa9-4d82-b870-fd2e33b6e5ff,2025-03-03 14:24:58.551623,352.87,Groceries,Bank Transfer
71b640e4-dcd1-4338-bd5d-24bb2f8c34de,20557886-2922-4dd5-9ac5-1b544e07021d,2025-04-10 12:55:56.467901,157.76,Clothing,Bank Transfer
3b6bd832-9d46-4365-a3b7-210b2b747d62,789414d5-b3c7-4d9f-b0b7-075b90a94de2,2025-06-12 14:13:17.556157,417.26,Books,Credit Card
c3b242c5-9c90-41f0-80e5-59d910b4c8a0,d2254430-6852-423f-842e-b59b6952c2e8,2024-10-03 17:11:22.304257,278.49,Clothing,Debit Card
cfea8b5b-d16f-427d-afa3-96e04a6978d7,a813661b-3ac1-40e2-a91d-b2ce96cdc2ad,2025-03-06 21:19:45.713666,437.41,Home,Debit Card
0fbe0334-0ea0-47c8-9793-53409ea67351,f3d442d6-adf3-4840-a0a3-fa8a99a8f7fc,2024-10-01 02:45:05.631764,127.25,Clothing,Debit Card
19346625-9b03-4e4e-8375-c5760e124aaa,1cafe316-ff62-4580-aa53-a582e4322e02,2024-11-16 10:46:08.955284,275.66,Books,Credit Card
b1a2a4d7-48e6-404d-9eaa-dd6360293b2c,6d0e6255-9907-4127-8c33-620af35f016b,2025-02-26 05:21:26.899433,173.92,Books,PayPal
b000fc71-120d-4faf-9472-9436c64164f5,8cb15a45-b223-47b8-9f58-92991cc105d0,2025-01-22 14:48:19.136241,45.84,Books,PayPal
3e2e80be-45b2-45f3-b9ac-ed501907eb2f,50fa82ac-ba38-4a8c-87bb-31b789c72b0e,2024-09-15 18:38:42.028706,355.72,Books,Debit Card
0e2074b2-fd5a-414a-9426-a8c578aec12b,4a78ebdb-9162-4abe-90e0-a0db9137227e,2024-12-31 05:49:35.916328,223.83,Books,PayPal
8a13ed80-2be6-470b-8f34-77803f757fd5,1554d7ef-c254-431a-82ec-cd02a7d5e876,2024-09-26 22:11:03.914484,122.28,Books,Credit Card
8c6115d1-5685-44d4-ba3e-5691d89acf4a,747dd650-2420-46d8-8c6f-a4df530fec14,2025-02-27 22:14:42.634174,157.26,Books,Credit Card
82107444-f696-4adb-a2f5-9fd4201e8957,f7ed0939-3ac4-46d3-be3f-08263f98b7f0,2025-02-23 05:27:17.465453,252.12,Clothing,PayPal
d0a5fd68-18f8-4cc9-81cb-5862bfd31325,cee8bec6-929c-4ad0-8c6c-8b1668b15c75,2025-05-30 20:28:05.313355,32.58,Clothing,Debit Card
e0c20a02-51ff-469a-a2e2-a0f19bd984d9,ae560f94-a95c-4265-84b2-213bd57a521d,2025-01-05 07:11:35.596799,202.21,Clothing,PayPal
cf3b44fc-f394-4958-9e84-9006361c7d35,b17f0e23-da19-43e6-acad-b554859fe395,2025-04-29 15:21:53.545580,376.86,Home,PayPal
a7383206-4eee-42c5-8dc0-892626e50553,5265e79c-2f83-4a73-9493-b76f3d01f16c,2025-07-13 06:48:23.382665,411.15,Groceries,Credit Card
449d38c5-01ab-4d57-b3cb-e7dbffea8e60,3aac1aac-2351-4067-89f8-12f992a7301c,2025-07-16 11:35:56.017878,392.39,Groceries,Credit Card
31a7b80a-f12c-4061-ab03-12b4a0e2a0b9,ce640be3-d7f8-409a-9aaf-c2254e33f5f0,2024-08-15 19:16:09.041922,469.45,Books,Debit Card
211542e0-d9c1-4701-a234-a10700be3f91,3ab20475-78af-4579-a332-8e1243fb355a,2024-10-11 20:12:48.541767,54.86,Electronics,Bank Transfer
42e07c1f-85d3-49d1-b1aa-e8f04417eb89,3a45e174-8c3c-4cec-954e-19bcb43e291b,2024-11-13 22:10:15.281836,49.86,Books,Bank Transfer
b684805c-9593-44a4-aff1-f41feafdbf4b,e1e13fde-df05-44cb-80e6-09cbc45d4b93,2025-04-06 06:49:00.300628,102.27,Clothing,Credit Card
54a5aae8-179d-4f2d-b0d6-4bcf1d437b3a,d607d029-7a15-4e61-8a41-d6bb440ef0bd,2025-04-15 18:16:01.133515,359.93,Books,Credit Card
dfee85e1-f252-4bd7-8db8-29e45804193e,4e687a54-099a-4435-ad39-e2b221142789,2024-08-27 05:32:35.107297,60.78,Clothing,Debit Card
ebb06834-3283-49c4-b8e8-e29c1ce21bc2,7bfac693-982e-4f0b-9abe-e5c161c3ecc0,2024-10-12 02:59:47.521886,219.63,Electronics,Credit Card
37aaec28-3ae2-48eb-8d45-97e9c6880699,cfa59fc1-f5a6-4eae-ad6d-3518f41e8ce5,2024-10-22 06:45:03.734267,261.26,Electronics,Credit Card
06888f94-8be0-41a7-8b40-e253c0f3e140,7f96204d-bf16-4031-a5bd-a5950b1ff18e,2025-01-24 20:07:17.031144,72.72,Groceries,Debit Card
f5e97c86-937f-4acb-839b-975d6fb08783,a7fb4eba-af00-47a3-ad00-74922ac8a55b,2024-11-15 02:05:09.732176,115.98,Electronics,Bank Transfer
0d5c2d3e-795c-449c-99c5-62171d486f78,b5f342f3-dde6-44a2-8d71-62cf6a9a0aee,2024-09-10 12:02:14.174538,232.07,Electronics,PayPal
6624966b-2a54-4a54-83f8-3cf745bfbbbc,05a18ef0-2841-4df7-b67c-690d26d05c3b,2024-12-21 13:26:01.609423,222.79,Books,PayPal
709dd3f0-40a4-49fc-9f1f-478aa44d17c9,c6deb06e-2a0b-4404-8042-fda66f33f6a2,2024-08-27 23:43:41.984498,285.11,Books,Debit Card
fedb5fc1-d8e5-4f06-a954-ad3400a66b54,906a4e9d-d15e-4fab-9a89-06b1738a2d35,2025-02-06 01:38:08.587701,61.75,Clothing,Debit Card
adf0521e-c36c-44ce-b079-d76a60249fc3,fc01ce6b-9141-45ed-a46d-d456e6ec6a43,2025-03-02 10:25:28.366554,492.64,Groceries,Bank Transfer
9f2d9dbf-c9dc-4faa-ba09-43d1c0f832f9,0ce5a43e-2fba-484f-8caf-26d4aaf0547b,2024-09-10 03:14:48.478334,7.54,Electronics,Bank Transfer
eb9c9dd3-bcc9-424f-851d-f5454baade89,cc9d7f3f-e015-44b8-a144-9a47bd693658,2025-02-12 09:45:49.132731,138.64,Home,PayPal
792b3dc8-74e5-4779-b178-f8854131a150,62585a9d-15c2-4531-b85b-de18312f3997,2024-11-11 14:22:51.026331,130.97,Books,Bank Transfer
20781ae9-0615-4613-8e91-1a9337ff9f13,6f908cf8-68a0-42d4-bb51-b746d3837aad,2024-11-08 00:29:22.385236,296.97,Electronics,Debit Card
aaac8dc1-0e7c-4f66-a205-48cc72da9a1a,d89acf5f-1956-4ff8-809a-d70f2c3b2aaa,2024-10-28 21:13:36.576758,86.24,Clothing,Credit Card
d1e93f44-1a03-4887-b8b0-eac07593f6e6,2dc53797-93ba-4e3d-98e0-971957780528,2025-01-24 22:38:40.365055,90.01,Books,Bank Transfer
74081176-fb0d-4b17-912d-0f1c39ab141b,b00ece15-64f9-4573-b74a-c2e28379d716,2024-09-29 01:22:16.166908,230.69,Groceries,Debit Card
e7d5d8c9-5281-466e-abac-225d676908cf,7be78797-07d2-4161-88f0-f136213796e1,2025-05-05 04:32:56.363104,370.05,Books,Credit Card
a534c1d5-fcc5-4c5d-9660-d8b705ccb99f,75dd4337-f3d2-47fa-859c-cd21b6945e7e,2025-01-16 15:26:50.063703,286.61,Books,Debit Card
31736094-dc1b-45b2-a96a-564c59d672f3,ec4a17c8-4b67-4e4d-a5ed-99a94642e655,2024-07-18 01:09:47.508706,485.09,Books,Bank Transfer
4bd1c0bb-767e-40c8-bfd9-b76772348c16,52e9a567-f5c6-4847-99a0-8292472a6f05,2025-05-14 06:04:28.836561,363.58,Books,Credit Card
f9d9d95e-895c-4c80-822a-af87a4f4ec38,fe548bbd-f1a1-439e-bf2a-ab1f27553a31,2024-09-04 02:48:52.294416,225.01,Home,Credit Card
7a011697-f40a-4dda-87f1-b2a686c18404,d53e3f0c-5b54-4cd1-bd0f-896c65e01e01,2024-12-12 21:30:18.599932,430.79,Books,Bank Transfer
9dd76d7b-d101-4890-8973-ddbe7c4b3623,ec8f1aa6-c757-455a-8d6e-de8e2a1aa8b9,2024-08-22 03:14:15.252703,492.77,Books,Bank Transfer
5207bec0-290c-40ce-93e7-e39c37a74ed0,ac3ed43e-cc15-4c9d-880f-6990c5092093,2024-10-07 16:38:02.424918,104.85,Home,PayPal
5954f975-2fec-44b3-8068-d9f8ae772497,2663b1f9-89ba-493c-bba5-30a45110eac9,2024-09-30 02:34:29.948031,292.66,Books,PayPal
33e1ddf7-238e-4ce3-b7d9-5ef32f3f2b4e,4237167d-1049-49e7-a413-59ba55157b6e,2025-06-30 00:21:06.273492,224.4,Electronics,Bank Transfer
76641755-9d1f-4215-a8ac-53a53c406be5,b4cfa032-d943-4900-9a4b-b2f52bdad0c8,2025-01-12 17:17:00.982121,299.64,Groceries,Debit Card
9e515c7a-c6f4-4e84-acc0-bc7520816d80,ef75fc57-33b2-4045-b2f8-5a1831070f58,2024-11-28 15:22:49.192408,415.2,Groceries,Bank Transfer
3c9550d1-de72-482d-81ab-00a4289a8f08,05366865-e253-46e2-8f47-13a22f3efabc,2024-08-20 11:24:34.818514,325.98,Books,Credit Card
2438d3e3-4420-45d0-ac6d-f88f560e57cd,b491015a-72ff-4d8f-bb14-cb5e12d15e07,2024-11-18 09:43:19.289499,273.64,Electronics,Debit Card
07659337-5675-4695-b43a-dcecb96d377c,844b1251-b510-4769-abb6-c13e9fc23c6b,2024-07-24 00:32:42.690931,331.68,Books,Bank Transfer
98aa9fa5-61be-4b5f-a6ef-77581c801a2a,59bf6feb-59c1-41df-bfae-dde588b0e987,2025-01-12 03:44:14.805720,331.62,Groceries,PayPal
e5154d2a-1958-4b6d-9664-7c32bfda8914,bbc8b387-ef5a-4ef6-a0f5-b3df14ddeae3,2024-09-24 19:36:17.144770,84.78,Electronics,PayPal
edf18226-65d5-4e31-b288-b2794519f167,7fa95f54-b3e5-4d9d-a40f-658650a623b1,2025-02-10 12:24:36.792607,379.09,Electronics,PayPal
f00dab48-2977-4998-8d56-da6e7447a9ee,80494bd0-62c4-4caf-ae0a-f036bb38572b,2025-06-28 18:12:40.643573,430.01,Books,Credit Card
30dc9478-7c0a-4d91-a102-bd4c18b5bceb,4a599c1c-8b1a-4a35-a37e-eddd97ae517b,2025-01-10 13:33:34.772141,13.13,Clothing,PayPal
3cb62ee3-d96b-4d15-96ff-a1dd35b13975,8e96eefc-294b-4633-babd-b53c436f26ca,2025-04-09 17:18:49.719529,374.9,Groceries,Credit Card
9ee75dbe-428f-46a3-a36a-3190d95548b1,46168dbb-04eb-4f7b-81d9-87252e65abcc,2025-01-04 20:38:33.812115,233.07,Clothing,Bank Transfer
516d00a1-a4d5-4352-a9f7-77cd91a7e200,8d78ee3d-37ab-4faa-85b8-aaf455883b11,2025-06-20 03:55:34.930014,98.03,Books,Bank Transfer
ea1f57a5-77f8-4343-ba89-a776981c93be,cbe4d36a-4c8d-463a-ab71-378d8d708030,2024-12-11 05:49:44.582641,136.55,Home,Credit Card
9e56c4b8-f0a0-4c7f-9815-c16daea4e1c5,4668bb49-8676-4419-93b8-ae0ede15da76,2025-06-15 12:25:17.893676,438.73,Electronics,Debit Card
0693877d-e8d2-4194-a322-0b20b9128fdc,9aa5eb8a-f939-410d-acd3-ce0c34c22a68,2024-09-22 19:08:36.126437,407.41,Home,PayPal
3519cae2-5935-4779-8c21-ed6bafbc3e63,66d0d899-50c9-4635-9a0e-47a713d1442d,2025-02-18 04:03:31.915950,155.81,Home,PayPal
44a88d74-e00b-4a54-8a18-8ae8214ecb02,1fefefe5-aa65-4f44-a229-a376157656f9,2025-04-08 11:44:03.551845,28.63,Electronics,Debit Card
c9a13e16-34a9-4a85-835e-8d0fbe26043b,79985b60-efa5-4370-95f4-012a39a973c7,2024-07-30 07:33:03.328015,65.61,Groceries,Debit Card
0cc9a57d-1c67-4851-83c3-2008776c6417,fa74e8c1-3e57-4d38-b7cc-2fde90ec3724,2024-10-06 15:43:22.641121,15.66,Electronics,Bank Transfer
fa1c5f85-8506-4a52-b5ee-acc297b2061c,d3481369-7035-41a6-abc5-b63b439f95bf,2024-11-11 15:20:03.460239,192.63,Home,Credit Card
e704b6df-0240-4b10-84b2-a453f1bf4f21,130ebc6c-904f-4e9c-b5ee-e79ab20e6db3,2024-12-13 07:49:01.762158,373.03,Home,Debit Card
ef210044-ac4e-4f80-aab0-03397a4b3875,325b1b41-a94b-4ac3-894c-b5c2e0731b1c,2025-06-17 05:08:19.366512,430.33,Books,PayPal
79a90c86-18f2-4528-b16b-879513572715,2d335c23-ad21-4a1d-894d-e0a0a20b384f,2024-10-26 02:10:37.180613,32.81,Electronics,Bank Transfer
1f904380-dc43-490e-86ca-811a2060665f,cfeac845-c1d2-49a8-a615-16f4a1d4f4cd,2025-01-07 00:03:51.410941,472.48,Groceries,Debit Card
e6022de6-20f7-42d1-bf38-27f939ac958e,56bf7522-0d29-4eb0-9fe7-39b9cce474dc,2025-02-16 02:20:14.333043,132.74,Books,PayPal
50adcdd3-d3ce-41c1-a0a9-b4f65b859c76,6f66ab0d-d9bb-44d6-aed5-4e49f3a44e22,2025-04-14 08:39:10.123583,289.01,Electronics,Debit Card
d5f9a9af-400e-4451-9251-7d8f02ee5459,57551932-3a93-4b05-af3e-badbde49e11a,2025-03-12 07:55:28.922744,118.72,Books,Bank Transfer
ea587702-f316-473e-8729-6c1d976bc0f4,23cb38dd-45e3-46df-b3f3-2c73953603f5,2025-02-04 02:33:20.483017,265.36,Electronics,PayPal
8474f735-5a8b-45bf-a40d-b4e69a876b28,6995de6b-3a8d-4479-81a8-4fc3acedb0d2,2025-05-31 12:07:53.312661,288.12,Electronics,Bank Transfer
a378f92a-e2f4-4039-8697-35eb4e0525c4,26d6ac17-987f-449f-81a3-79028846c807,2025-02-08 18:18:48.616381,149.13,Books,Credit Card
96aaaeb2-39aa-4e95-ad8f-fee4535af125,3ee1d1b6-b0c7-4a97-adcf-845a297187be,2024-10-22 03:52:16.839930,208.01,Groceries,Credit Card
22da04f1-374b-4f04-a57b-57f48aa81fb4,a0320f23-54d0-4d7f-be5e-a18f4f988949,2024-08-28 20:24:12.762942,199.76,Books,Credit Card
6ddc5c77-1d02-49aa-a964-ae83a857681f,a0e3311d-d5e1-4b7d-96da-5eaafa50d81d,2024-11-10 10:04:25.240909,349.49,Books,Credit Card
ec8dae44-9a8b-4018-92cd-6202e8363de4,5ff44478-55d3-4577-a08e-3628fd5d10b4,2025-03-16 21:42:15.578453,67.65,Groceries,Credit Card
e74bfaa0-3227-4713-865b-727c714c9dc5,7852c84c-340f-4a30-8289-41cb52ff60a4,2025-06-18 10:54:44.084193,147.65,Books,Bank Transfer
fe2972b7-85cf-4618-bd27-b2b877f85e3a,7350401d-b441-422c-8937-77b4bc56fb25,2024-09-26 03:49:04.656694,216.5,Electronics,Bank Transfer
9b5aa637-1229-4249-98eb-b1e5dff4880b,94c231f1-3537-4693-b0bf-c41341504093,2025-06-22 02:50:20.518515,293.97,Electronics,Bank Transfer
910c053e-48f2-4172-a3e2-4c695ec74947,620bf033-4ea1-47de-ba91-238dbfc9ee18,2025-06-15 03:15:09.340631,294.62,Home,Credit Card
97a6d029-d222-4c7f-aa86-8be4628dff14,8fb99d4d-986a-43ae-8e2e-eed275527cea,2024-12-29 00:22:52.222846,332.37,Groceries,Bank Transfer
76056129-7207-4372-863b-65c6d77f1e40,e91b7e71-5b99-4995-ad21-39a2ef75d4ad,2025-04-17 23:18:57.909650,117.1,Clothing,Bank Transfer
02996339-b018-4579-8cb4-f1a9fbb2072b,e39a5f50-9a2d-48d5-9718-c83a340d466d,2025-01-09 16:30:37.867587,298.51,Home,Debit Card
1dcd212d-ae39-4942-8eda-d016dcb1b57b,21e680a6-fdfb-4a43-92c5-807e0bfa3c81,2024-09-29 19:31:48.232635,469.16,Home,PayPal
881b10b6-e9ca-474c-b497-82d19519f157,925a6d55-80c5-4d49-afa2-92366dd0a294,2024-12-05 19:39:12.008533,443.99,Groceries,Bank Transfer
33d7f61f-0cce-483e-93d5-5047ad3af923,66407008-b349-4d16-b3a5-b9016bae2339,2024-08-30 07:08:50.330105,175.48,Electronics,Bank Transfer
2caca2fc-2176-43f3-9524-c80570e7f69e,a4bed00f-f300-4006-9d75-4e06cb43eb22,2024-09-08 03:36:18.487447,391.84,Electronics,Debit Card
e418c307-44ff-4107-ac05-b6f3606281a6,6cebc389-998f-49a1-8637-5b0d2cceeb73,2025-05-16 01:52:39.638734,168.76,Books,Debit Card
d1bd0cc3-2979-4ad8-94e7-0120408d1f8c,46d78559-a9df-4f86-add5-6696bd4c0f26,2025-05-16 03:10:23.800617,426.94,Books,Credit Card
107efc0e-0832-4a68-9a77-9ebe06dcaa4a,0a961d86-42bd-4bcc-a34f-3802cd3b1fd9,2024-11-04 19:01:11.040109,110.42,Books,Bank Transfer
cdf68ca9-733f-4296-aa79-0c96c54d507c,b701da1d-0ebf-47f3-943f-bb853a2725fd,2025-02-19 09:51:45.302366,476.65,Groceries,Bank Transfer
3130c68d-f3a3-43f2-8c0b-9fa794543dd9,2a936786-e889-4241-b892-92e8bec3cad5,2025-07-06 21:07:12.093677,319.87,Clothing,Credit Card
e7dd4487-002c-44c1-960a-f9d68ec99653,85c351cb-0e6f-4321-b844-917b5daa9f92,2025-01-31 16:56:42.535007,209.91,Groceries,PayPal
4db4730a-04e1-45ec-a073-9263d3455a05,e74d33ff-2fc9-48c7-adb3-5947ba5f9803,2024-08-15 02:50:42.359567,50.0,Clothing,Bank Transfer
6aa5ef76-1adc-41f9-9ee4-821adafc2256,b8cacbe3-fd86-448d-b6cc-d3d4425de38c,2025-05-29 13:46:00.482204,125.61,Groceries,PayPal
7b7fb01d-e173-4bbf-9270-abd4025d2d1b,6b613882-6aa6-4ce6-b929-114e9ac32658,2025-06-01 19:23:34.403967,313.83,Clothing,Bank Transfer
24d957da-95f5-4884-802c-fffe6a83af1e,825d727a-5acf-4eaf-a03b-3b76e3bdc99f,2025-01-09 16:15:06.051983,373.86,Home,Debit Card
f59f072f-8d09-4df3-ade8-71510a1db858,b437189d-339e-49cb-ab61-edab10d7f432,2024-09-28 19:01:54.156237,186.96,Groceries,Debit Card
89343b27-c43a-4b8c-bf48-0b701454d7ed,e1094c86-62aa-4338-9852-a68220b70548,2025-01-15 13:24:45.783012,85.23,Clothing,Credit Card
c3d7c10f-5ab7-4ac9-b138-2d9bf06fefa9,99eecbfd-6e16-47c8-b86b-bbccc0296642,2025-04-21 02:31:30.293651,155.05,Electronics,PayPal
6b0422d0-67c6-4501-b61e-8332286b61a1,11802ea4-3ed6-4042-ba5d-101bb9d0976c,2024-11-23 19:46:30.695277,344.69,Groceries,Debit Card
5e3fb53b-9218-4e78-8f2d-8801ebea6136,4ff26348-0826-4389-b282-09e265049d63,2025-04-08 00:59:06.885098,111.06,Clothing,Debit Card
babf61e0-d4d4-4868-a274-cd801bcb9e3c,fb252355-ef50-45b1-95c2-48687f94ebe8,2024-12-27 10:56:18.122017,418.88,Clothing,Credit Card
e1b58944-19c9-4378-a78a-bb9d43b1cd68,9a6df751-444a-4097-935e-e3de188132f2,2024-11-17 04:17:13.266974,141.24,Home,Credit Card
c5afb63b-cb0f-4319-9e9f-3f3b3f29bb8b,fbea4c3a-a398-4692-9bea-e8a3f9162d47,2024-11-13 12:06:29.392959,366.38,Clothing,PayPal
5daacce9-2e3d-49c6-a8d9-f35c172762eb,31d19975-b177-4b46-8ddc-d307a6e8f891,2025-04-24 09:36:58.773578,243.16,Home,PayPal
1db4109e-e01a-4fe7-87ca-8eb83b2e56dd,08609312-5b90-4b10-9b66-9cd2c02a2c1e,2024-11-17 09:37:07.209822,266.48,Groceries,Credit Card
cb2b9edd-659b-401a-880b-ff9a4996e03a,202e91b3-8bb0-457c-8fe5-dfdca5056a0f,2025-03-12 23:16:42.688301,383.06,Home,Bank Transfer
53df6444-4bfa-4ad5-9f66-f274e94db0d3,c7a60239-6ff3-48e9-8fa8-4f0c491c760f,2025-04-07 14:51:55.803157,238.93,Electronics,PayPal
235ec257-b344-4ccf-a6a0-c06dcbc2e84c,d92c0969-c6ef-4a10-8c12-979696315719,2025-03-19 22:23:07.846405,181.74,Clothing,PayPal
59c84dd1-3a7f-4330-b2af-d89eebfdfddb,0058da2e-a52d-483f-821a-674f32cb2c0d,2025-05-31 17:08:54.103807,17.9,Books,PayPal
24e394e8-fce1-49c3-b602-3e0fe13ad3bd,0eec2fa8-14d1-4453-ac83-6e2838ac317d,2025-05-28 21:41:55.800643,383.03,Books,PayPal
85f716ee-1798-4571-8502-0f9fdab18f68,8d7152f4-f2df-4171-bd8d-2e4abe889107,2025-06-16 20:48:45.855598,256.37,Home,Credit Card
de6493a6-6fb8-4edd-b11f-226cf2de8756,8cb674f2-8451-4d39-8a48-1704c3e83d25,2025-04-05 15:03:57.668542,57.29,Groceries,PayPal
0869ae0c-952a-499a-b069-34cfde697693,d9acc784-c80c-416d-b75f-f9eb7c239061,2025-06-27 05:20:33.401890,100.44,Clothing,Credit Card
a196aa54-676c-44ff-a0e6-95033e304b4a,c686b479-152b-4b44-9407-d2759a01ff50,2025-01-17 13:46:53.309201,234.55,Electronics,Bank Transfer
932f783a-0847-4785-bcf0-40cefdc33b2f,fbeb24f4-691c-49d1-ba01-77348b0565dd,2024-09-09 15:10:21.024007,60.15,Books,Credit Card
8647186a-3aab-42e7-b68c-b374da3649bf,b8d42b16-d157-41af-8f45-8cf023b622bd,2024-08-26 11:48:32.056238,364.12,Home,PayPal
bb3f3479-6876-45b6-98d2-46edc1f36640,13fbad2f-7246-485a-97e7-87de835197cf,2024-10-19 01:55:37.202934,122.58,Home,Bank Transfer
cc5bf202-4053-4d16-a08a-b037b7eb9767,5b7d73d5-409d-4f33-9f6c-438f3dce216f,2025-03-02 23:58:54.553086,298.47,Books,Debit Card
7dcda806-374e-4e89-ab35-73d212da9df1,6c752e26-1e46-4b1c-9e11-5cf6d5ab5dde,2024-11-26 01:51:04.852785,499.23,Books,PayPal
c04435f6-fe7f-46f9-8917-c4f9d03f875d,d401be13-9566-4353-a0a8-6f3dc2a26144,2025-05-20 01:40:14.316100,111.49,Clothing,PayPal
1ef35c08-a89e-412d-bc47-ddc711c2d419,b3f3e1ee-f28c-4255-9afc-58dd5455eada,2025-06-26 05:59:38.254891,45.09,Electronics,Bank Transfer
4f0ae760-1ce4-4926-8c09-00be51be2b90,92da0582-c55a-4a7d-861c-b173a5bb0ce0,2025-01-19 04:03:29.322096,281.99,Electronics,Debit Card
114b9645-c604-400f-8d18-153f6dadf27c,eba8f5a9-a478-4202-a549-4d8934d2809c,2024-10-08 02:35:44.784438,95.19,Electronics,Debit Card
e0d5d2b3-ac70-48d9-af7b-6f1df5848a14,8324b02e-045b-4eb3-9f15-9e36ef0b297f,2024-11-12 01:03:59.295947,147.32,Groceries,PayPal
2dbe8e80-970e-4247-a5e0-5380b1830833,be22ebe5-1622-4622-8555-a54995768f4f,2025-01-04 11:54:35.755054,437.28,Books,Debit Card
d02c8eae-d710-4691-a4b7-5d4a6dc5af73,bbd9d1c0-5e88-4b17-8662-023920c156b3,2025-02-14 06:21:25.922829,128.54,Home,Debit Card
c7031c79-123e-4a71-9bea-9773813a548f,87a01a88-1cd2-4bc7-9d75-3eb8d0a164a6,2025-01-19 13:56:30.165463,489.13,Books,Debit Card
e42e33f7-b923-491d-b4b5-36c0ae2b8913,4078e44f-f00c-49cd-a121-62c0e72e301f,2024-09-20 18:41:33.743104,253.27,Groceries,Credit Card
929fa2d6-6c0e-43ba-8c7c-dc261a9274e1,2200dd4b-a9ab-4a9a-98ee-21101d801b33,2025-04-27 07:32:39.851419,181.39,Clothing,PayPal
af05aa0b-43cb-4202-9dc5-dec44bd98e28,cf15a9d6-cd7a-45ad-9f2c-e1d4f8ad8ed7,2024-12-07 19:33:55.039335,97.0,Electronics,Bank Transfer
b908e924-7aaf-49fd-a8f5-ae0b85d25058,e4be97dd-2dac-4b58-aec5-e914014b6c87,2025-01-21 19:43:09.451114,379.4,Books,Bank Transfer
76329b4d-c6ec-403a-874c-9d25ace95feb,e04dcc3a-da19-4173-b11d-7c52ded6a370,2025-01-16 17:51:54.376518,390.07,Electronics,PayPal
988150ef-350b-4e64-839d-2e39046d7fbf,2c31b385-f9d8-4228-9a1b-55e71e1c6930,2025-05-21 07:31:42.024166,246.28,Books,Credit Card
c623f4f8-f863-4a24-b03e-259bcdaeff42,d52eb295-70c3-4238-8c6b-3f2b2bdd4769,2024-11-22 09:58:00.557247,59.93,Electronics,Bank Transfer
976042e3-ba53-46af-8f9b-04434caacaa8,f713ce50-3c82-4982-b3de-da9561117703,2024-07-24 05:47:43.214653,462.7,Home,Debit Card
7c290af5-6121-4bd2-8be5-0fb1b556c51f,843ab190-2ed0-47ba-aa4a-313d1ec1c315,2024-08-11 10:06:12.790568,302.18,Books,PayPal
7e129bb0-b458-443d-b061-15133cb4845e,e4c11197-4edb-4d47-bed4-749b883dddc3,2025-01-21 06:02:37.600686,203.7,Books,Debit Card
0ed1639c-742c-4b65-b457-0ffc14e75686,042c967e-e2ff-450c-8ed9-4f486e9cb40a,2024-10-19 11:01:46.204752,308.48,Clothing,PayPal
1f09d056-8c2e-4cd0-8b57-3c750fd9cd9c,00d54f40-f454-4586-88ad-2db0306a74a7,2025-01-04 14:06:13.352310,437.26,Electronics,Debit Card
52be50ff-8382-4213-9228-67c5bd168ef7,d460a4fd-8cee-4161-bcf8-f1de6c6b3505,2025-06-28 08:21:15.755791,268.71,Clothing,Bank Transfer
67027ae3-5c47-4568-9e89-1e7beb52e417,50c5239e-f8bc-4af5-af55-e1fb1df86110,2025-03-13 12:09:44.219296,377.66,Books,Debit Card
de70acb9-ba17-42bf-b54b-e9e08785d780,83713f97-803b-4ca3-8522-ba3ad2a41edc,2025-06-28 07:18:11.189539,96.63,Clothing,Credit Card
8396a046-8a11-469e-9ec2-16bc9a05bf5b,a86ba0b5-041e-4e0e-9f11-745ef8b3436f,2025-06-16 13:14:20.616626,196.48,Clothing,PayPal
69c4a15e-ed03-40f7-b3c9-c38ff5cf43a4,9f73250c-5113-46a9-bc57-f31bf6d73ba3,2025-05-02 01:17:56.236360,222.79,Groceries,Debit Card
693760f7-ebad-45e4-b46c-8300eaa6635e,84af67fb-0c48-4f7b-9635-e8af7f695be9,2025-06-17 18:52:12.817383,388.93,Books,PayPal
4d16fa56-a5b9-48e9-bd5c-c7bd4afb98d0,f5c3a83a-2fb5-4908-9309-f9553fe47033,2024-09-29 06:43:17.806797,153.41,Home,Bank Transfer
b1fae3e2-eea4-4e17-8957-41125cf96a0f,ab3b1cac-92bd-441e-84be-06ab50d23842,2024-09-11 06:20:56.714064,82.61,Electronics,Bank Transfer
38c31902-4d16-4d06-a44c-0ea456a5bc80,cef8fc1e-f822-45b1-b693-e3fa314f2451,2024-11-27 16:59:39.032659,29.8,Books,Debit Card
1c077466-e721-4b94-82a7-93db7a8f73ff,b85e8758-ed0c-45e3-92ac-234bf3ceb4e4,2024-10-08 06:23:33.227492,253.97,Books,Bank Transfer
381490a6-f18e-42f9-95e3-4c56e31ad3c6,350461b8-0ab9-4289-8735-564ad842fc63,2025-02-21 08:55:27.694993,10.54,Home,PayPal
f5ee43ba-37a4-4ac4-93db-a0f6c2154b9f,7fe9d35b-fa2e-47b3-a50b-eca0e150f4c3,2024-09-17 04:11:28.016316,123.06,Clothing,Debit Card
b66368df-5d0c-4ace-84ce-5b0d3d402f19,34444e76-339e-467d-aba0-a62d96ec72ff,2025-02-22 12:12:27.873446,39.97,Books,PayPal
bc436d46-26bf-4784-bbae-82ed9a9d998f,30193328-d134-48a2-a722-a30bac604b48,2025-01-21 18:08:18.617921,213.32,Groceries,Bank Transfer
b129cbbb-0506-4819-a8d5-b360a00d6890,1bdf309f-7498-435d-92da-7df1f485ec1d,2024-12-10 08:56:53.432673,314.46,Home,PayPal
37fc8ef8-a81d-4820-b269-f3d526aa27a7,29f2e230-347c-4550-887e-845db4a7d2f6,2025-07-08 04:12:50.693262,418.48,Electronics,Debit Card
d64177f0-23fe-4443-a96e-a0cea85c9d9f,071f7bac-7696-42fb-9c20-c073ef0128a6,2025-03-16 02:23:59.999405,145.18,Groceries,Bank Transfer
e72fe7d7-53a2-49fd-90e6-59aa6c7c8b12,61995b14-423e-4537-8874-cf2c2e6c2a51,2025-05-13 20:42:07.146446,227.8,Books,Bank Transfer
3ba1cdd2-f008-40a6-b6c2-ce95f11bc45f,322d93c8-cdf5-45b3-9962-76873669db08,2025-02-20 13:38:01.639442,97.29,Books,Credit Card
6ca5c9c6-b502-4724-9d0d-8a724b0aee5f,005e1cc3-00c6-4e8d-8db3-a225af4a2008,2025-06-26 11:21:06.778997,172.97,Clothing,Bank Transfer
7d70b7a9-7413-4f00-99a0-d9d3d167df4e,cf4bd6b1-d189-4b16-a509-0ac6f0fe45d7,2025-06-12 16:02:42.159339,482.94,Groceries,Bank Transfer
aae6a543-3b26-42a3-90d5-3260041f1780,ef511967-0a4f-48df-8196-18192c187932,2024-10-11 10:03:12.551474,118.0,Groceries,Bank Transfer
3a14b408-4e36-4201-bbf8-95f7b65b3cab,a2555df6-c51e-469f-8b12-bc4c5587e9cc,2024-10-13 16:13:06.165201,180.08,Home,Bank Transfer
128226c6-422a-40c5-8ae1-781fe8474831,48962297-20bf-44ff-9e21-392b6a5a43a8,2025-06-21 06:32:47.493338,340.95,Groceries,PayPal
b7b77dd9-daeb-4d52-992c-73752dbdcc1f,65ab9d7c-859c-4f26-b28e-a4a0ccff5879,2025-06-27 11:53:44.213809,6.96,Books,Credit Card
c49a728d-e7dc-483f-a742-0bd16a722f54,976a4a85-d219-4156-9df2-d6e29f5a5bce,2024-12-30 09:12:51.918847,230.82,Home,Bank Transfer
6bca128b-80fb-428b-9882-ce30e114b084,54d18744-3326-42af-a227-fb5ed4be3f03,2025-03-27 13:42:52.003257,341.04,Home,Credit Card
dfbfd16a-2754-4fa9-ad0f-349b261a9726,4a96719a-9326-41de-8eef-4d9c8746073e,2024-11-04 19:25:36.361648,257.77,Groceries,Bank Transfer
0e1d7778-d6ff-4af2-8a2a-38d59170d9cc,1a3c7b4e-b5b6-474c-9529-ac6cbba8bae1,2025-03-25 11:49:27.130787,180.31,Electronics,Bank Transfer
88b6676e-371d-4442-83cd-1c2bc70835bf,c85939c8-a637-48f3-97a8-eb00f9128bd9,2025-01-05 14:30:38.102547,258.26,Electronics,Debit Card
63fec45c-cce6-4605-9709-239c95297c2d,0554374e-1716-49a0-a287-3d6b4a645e48,2024-07-31 12:52:39.169316,377.13,Electronics,Bank Transfer
608086ab-b3f2-4ef5-aee2-2569ab882040,9cb5fdc8-b9a8-4984-a184-7fdc7d496b53,2025-03-19 22:31:43.228255,60.56,Home,PayPal
23b62bd0-2e1b-4e46-bb95-b5b35faaf808,1935d2e1-0347-4ae0-b62e-8c7135f74565,2025-04-06 18:29:53.123822,129.09,Home,Credit Card
48482729-8edd-4953-bb67-5f798fa78b28,2d0c0119-76ab-4731-814c-5e86ece4e55e,2025-05-25 06:57:26.877742,484.42,Electronics,Credit Card
c1b7b59b-e1ce-408c-b1a4-99a34657eaf9,05407432-b38c-4622-88ef-c0c1caa38320,2025-03-27 03:00:36.643548,110.38,Home,Bank Transfer
31b436d6-60a4-4997-ab61-2ccbd9cd5775,1173af26-a3e3-43ce-833e-eeb8a05d5313,2025-04-26 04:55:49.084387,200.31,Clothing,Debit Card
3e04c662-f4dd-4d6e-b30c-153991b9423f,3b869698-4566-41c0-9ad4-33e1abce5346,2025-01-23 18:36:00.058520,395.91,Clothing,Credit Card
c83dd412-3c3b-4d86-919e-3cb8138259f4,36758514-ff45-44b4-b681-7938bf354cbf,2024-12-06 13:53:35.546980,458.14,Electronics,Credit Card
5b7ff8e7-3b4c-4b64-ba73-79db3b976fc3,53da5470-0226-48f8-bf32-610bc8219a61,2024-11-20 15:05:36.008860,299.65,Electronics,Bank Transfer
763b08e8-587d-464d-b2cc-137d148c27a6,7d6dba0c-6bc1-4536-be79-d95531b46a9a,2025-04-30 00:32:18.372826,320.82,Home,Bank Transfer
54c73e57-4989-4bef-879e-8436c82c35f6,5cc24cfd-1f4a-4613-a7d5-573e18bb33bb,2024-08-02 17:04:04.386842,48.9,Electronics,Credit Card
08d44422-02dc-4de1-9545-11a415b9af81,5cb7f281-6f2f-4a18-816f-bb16b399cc1e,2025-06-11 11:34:20.535637,286.34,Books,Debit Card
05422ab4-1554-4ae9-8f3b-c7e0298e4c31,5793c9f9-c2d0-4fa6-b484-e93758f0ab2f,2025-04-10 17:45:55.638710,449.49,Groceries,Credit Card
d6ebb79e-efac-4cde-a1fa-35f5a7414569,e448f56b-0f04-4a77-9a4d-258ef2152363,2025-01-24 02:02:08.828776,272.88,Books,PayPal
f717d51c-d3af-4818-8ce0-c57469665bb0,fcb7f73b-d57d-48d5-b15e-ff7f6c2ee2c0,2024-10-21 19:22:30.400079,450.68,Clothing,Bank Transfer
29879a38-d6dd-4392-8ea1-1a36bcb57bcd,43cc193c-7cfb-484d-a5cc-a8dcb703a065,2024-10-23 22:43:22.013276,39.99,Clothing,Debit Card
22aa418f-72d6-4c2d-a811-aae5f8ac00dd,d33a7d75-4005-4b67-bd0c-c8a57e3ebd72,2024-12-17 07:12:28.581793,318.9,Electronics,Bank Transfer
feece291-8519-406c-ac2e-06971b7cd596,13b0767b-5cdb-48c1-9d2c-b769f9079098,2024-08-08 21:34:34.595763,215.34,Groceries,Credit Card
2cc9d3f8-51ca-4f92-b3d5-75ed81004a63,d885b05d-64ed-4f0d-b024-396d78129768,2024-12-09 15:29:23.930443,71.47,Groceries,Credit Card
0ca1a627-2387-4003-b90c-c56159c28201,e3e2845f-bbec-4022-8fcf-c84d1824209b,2025-03-29 04:15:58.417292,416.65,Books,Credit Card
71e415c4-7b90-4c82-ba7c-31c84ca2e94c,81195b1b-2841-4be5-a2c1-422c5c2d50ae,2025-06-09 18:18:39.832578,223.43,Electronics,Credit Card
851896f2-d793-4734-a2bc-15ec2e5f3b39,080a9c28-c1c4-411f-b572-58da81e943b3,2025-04-29 20:14:20.382953,215.78,Home,Debit Card
95aab4e9-487c-4c52-8bbc-8b4d1aaaad32,f708dae5-fb4a-40fb-a386-4096ee6e2f5d,2025-01-25 20:23:12.491523,424.04,Electronics,Bank Transfer
f5d292d8-e393-4160-b0d2-a1fa1ab31068,4c59adb6-7788-4e7d-854e-b3e7afe55e53,2024-11-14 08:14:50.388553,43.87,Electronics,Credit Card
604ca99b-52b5-4d69-ae99-1cd961853076,2bf830d4-741f-460e-9bee-eeb209bc4ce5,2025-06-15 02:00:37.809922,180.91,Electronics,Debit Card
92856aa5-2ab6-49c3-91f4-d92b148a5596,535ba153-a6d0-422e-91ab-d2a4397de2d3,2024-11-10 22:01:13.076762,187.92,Electronics,Bank Transfer
63794111-b02d-40e5-9740-c8f25e94f02b,75cb8261-e941-498f-90c8-a5532abca181,2025-03-12 10:24:12.571272,426.98,Electronics,Credit Card
47f6b518-3abc-426c-946f-b04098d4176f,a3188c6b-0bf9-4c63-8975-d51cad42beac,2025-04-23 16:58:16.875308,348.59,Groceries,Debit Card
6c834108-a496-4d60-b14e-fa454cc8b169,40570e5e-332e-46ed-9228-de26aef56c69,2024-10-07 22:51:22.505426,152.41,Home,PayPal
2939091c-1da5-460f-a4ee-59fd7d92465d,6d2de2ef-1209-4183-8425-fad6601e6ca3,2025-03-13 09:40:50.749334,125.04,Clothing,Debit Card
6064a258-0b7d-4cc4-a935-8be0f9769a9d,73e24091-590b-4c0f-8570-e0830eb6a7a2,2025-02-20 04:02:13.836319,451.47,Clothing,PayPal
05121a06-84a2-47fb-b791-ed7d7d2df7e6,540ae754-ec0a-47bd-8ac4-91decb635dee,2024-11-28 04:00:08.086122,333.34,Home,Credit Card
4757a045-c7e4-466d-96dd-612011451426,73fd0f84-3918-40d7-8d01-dacf27d0e5dc,2025-01-12 20:24:55.340111,180.95,Books,Debit Card
34c77ae7-8897-4e10-89ce-368850fc61e1,ff4f371b-56c1-4f5f-9aac-7e2cf55ec3b4,2025-06-29 08:30:41.263651,395.27,Books,Bank Transfer
fe77caf4-0ae0-4577-b18c-88ba2c1ffb37,1668d322-54d9-4cef-91ef-91819af02546,2024-07-26 21:18:17.681317,129.77,Books,Bank Transfer
085f70dd-6ec3-4331-8531-e45ebc51bbbd,dba9c5ab-96d3-481a-b37f-143eb58bc0ab,2024-11-01 17:44:10.013304,118.99,Groceries,Bank Transfer
470efe2a-2038-40e7-b236-46cc0ef22359,7ee07307-6154-48a2-ae9e-c28b1b859d7f,2024-11-15 13:46:29.570877,66.5,Home,Bank Transfer
86d22ab0-0ce8-4d25-a723-58ab07a70636,f5cef6db-b26d-40b1-a80b-844cf5fe0434,2024-12-05 22:46:28.115121,36.47,Groceries,PayPal
80187f43-c442-4e88-b148-3869e7de8237,51c23f9a-b5e5-490e-9e52-3a8307b8be5b,2025-03-27 21:21:20.780372,397.38,Electronics,Debit Card
ce49f533-687f-4ef6-8e62-a806c4ce6e0f,db00ca5f-b7b7-473e-8736-0220c8e0b468,2025-01-07 17:41:29.175308,203.06,Clothing,Credit Card
80ae6c69-e86e-4a95-8e2a-af76504e41a8,f5b20f93-33d3-4abb-8c3a-300e7f5b0314,2024-10-14 09:44:12.249616,357.72,Groceries,Bank Transfer
1e7172ee-c186-4171-b0e1-383ced77561e,1fa0de80-c5bf-40ab-ad32-14837dc7c1f6,2024-09-28 00:16:23.805935,452.53,Books,PayPal
d8eae4cb-f646-4166-9d89-74e3ce29ea43,a77a9cb5-ea1c-40d8-8053-972bdbdaf5c9,2024-09-20 14:31:48.162090,76.56,Electronics,Bank Transfer
6eaa9e5c-48cd-4b72-9b5f-0e0d27e5c31d,04636c2d-d328-4239-9d33-8c9262a090f7,2025-03-31 07:52:01.694690,314.91,Groceries,Debit Card
62f9eb55-413c-4acb-9376-b2b47ecc0a91,8204aa89-83c2-4d03-8e22-6d7cacdee07b,2025-02-18 05:31:46.872713,174.86,Clothing,Debit Card
05061dae-0d8b-4589-ba89-06ed45d3beac,1c39b597-50bc-4657-8b7e-dd385e94e3c7,2025-05-17 21:51:17.256347,158.93,Electronics,Credit Card
6516b790-dba2-494d-9d41-5d5a7df671fb,cd94844d-00db-4136-931c-72839cf30918,2024-09-20 05:35:29.334287,424.42,Groceries,PayPal
a2c3ff4b-1884-4a00-ac7c-1affbe8d4d45,39fa1f42-bb9f-40c9-80e7-1b2ce319cf38,2024-08-24 02:12:45.447654,377.03,Electronics,Bank Transfer
7ef35a7b-a290-44e6-aff3-72235181ae9f,768de6b5-7c48-4dc8-bd2c-c1d76daf5a5c,2024-11-13 22:04:48.263322,74.64,Clothing,Debit Card
e334db27-aa7f-4496-964e-d5e309ad8921,409f4fdd-38f5-4f63-b73b-8b2e40696bca,2025-05-27 18:10:38.766941,278.5,Clothing,PayPal
da29b2a7-fd99-4fea-804c-51a842ecfb4a,f76aeba9-1797-41b2-b2a4-09d9681bc417,2025-06-02 01:21:09.328884,437.82,Groceries,Credit Card
7bba5f3c-07f1-46b8-bfec-76441f94aa6b,23238495-a1b8-40c3-8305-75ff699f6914,2024-11-01 19:17:57.616178,312.27,Home,Debit Card
ad404599-6097-4edc-b5f5-a49238a872b2,13262e93-b61b-4301-b275-1d9e16ee0662,2024-08-17 15:14:31.819451,40.27,Groceries,PayPal
b0011747-e86f-4732-a8ea-09ef3e128aa9,76527a84-6687-40db-bab8-7067b074dc1e,2025-06-12 16:34:54.852613,266.09,Electronics,Credit Card
fa1d38e1-34d7-4eaf-8613-8c15ab1afabb,8167f8aa-7f92-4999-b120-8a52fc8e4dc8,2025-03-17 20:50:00.403612,99.93,Clothing,Debit Card
eb2f44ef-bb7f-49b6-9d68-1ae20fd27409,d6078fb9-c48f-4fd1-b1dd-2cccc255fb21,2025-01-07 08:07:45.903653,276.79,Home,Credit Card
1c669aed-3d57-49d6-9e8e-b0759658c8c3,85def614-08d3-4835-a142-943ab9761b2f,2024-09-29 05:15:19.327348,323.75,Books,Bank Transfer
64d9bea2-1350-4504-91ef-8bcf2f98cfc0,9b0240c9-1d18-45d8-ba31-746c0901e0a0,2025-03-19 23:34:34.205545,104.35,Electronics,Debit Card
abac591e-ea67-4c47-abd9-8bdabaccbfff,4e82001b-d1fb-45f2-bf46-8f28b8b29947,2024-11-14 19:23:46.348994,346.13,Groceries,PayPal
ccc6065a-6811-4066-9870-abdaa95f010e,6b9b2ee0-3f9f-4aab-af54-68c92664e81e,2024-08-09 01:38:17.459707,180.83,Groceries,PayPal
74a960d6-bd2f-452b-9adc-fb6e24af3778,356e503b-da73-465e-8812-966ba22a4fcd,2024-10-19 06:23:32.240035,178.49,Electronics,Debit Card
ae0d9541-173d-42f7-8115-7c2da123478c,02e34d78-423e-4dbb-8d40-c71ed8d58a45,2025-03-05 08:53:09.719504,492.27,Home,Credit Card
6a893a38-8326-40c0-8d2e-060689a9b3ac,69c0bf5d-28c7-4859-a0d4-f6392a8a2300,2025-01-07 23:04:29.097735,148.57,Electronics,Credit Card
75696773-12d7-4e94-bc76-51a47dd74deb,ab853c9b-ff71-41d4-aa0f-036fac50bffe,2024-08-05 04:05:26.994213,165.66,Groceries,Bank Transfer
1f01bcf2-2ef1-47f9-a8bf-017f63a33b87,bf535f2f-2902-4c61-9752-a4f674799df6,2025-02-26 12:30:54.868061,406.85,Electronics,Bank Transfer
a5bab071-b237-476d-93db-d4976e46f823,efa4e3f4-6fdf-4ac7-96a8-27c4b896c6cb,2025-01-24 23:47:52.719752,424.01,Groceries,Debit Card
e3527a21-4586-4626-b59b-2b0c60f0aec1,80aff702-d1e8-4c25-986b-872aeed11787,2024-11-18 01:27:29.429912,199.51,Home,Debit Card
7c577687-852a-4486-ab65-4294eb224989,069d2a11-63af-4d65-a572-73c7fb51255d,2024-07-24 01:39:36.575864,150.73,Groceries,PayPal
a559a55b-1c92-49a5-8e01-f69b2c021c63,07bc0b42-af3c-4b3e-889d-8a46f719f6e2,2024-10-08 20:25:04.205629,149.28,Clothing,Debit Card
f22676de-3511-4ce5-a266-f0426955d0c8,455dc3ab-afc5-4f5c-bd7e-ff0e32ffb659,2024-12-05 01:50:18.719254,360.11,Home,Debit Card
0fb9fa87-340f-4f18-956e-95bb35d753b4,c2313701-0282-4e21-ac80-a06d23fdaced,2024-12-13 10:53:07.573652,496.6,Home,Debit Card
0b8e2a19-9b9b-4394-aa9d-780364be5f55,4c980663-62b2-4a9c-b023-3bd2ed21958c,2024-12-28 22:41:45.933738,152.75,Books,Credit Card
53462d9b-a29a-4995-b95c-64c7c9ae1ca3,3c620085-e517-4a89-8e23-b1bef3a4fa8a,2025-04-07 21:15:14.808404,469.46,Groceries,Credit Card
50999bbc-914f-4477-b20d-ce28a2b8da92,bd8724c8-a87c-4e86-9679-23b95f776203,2024-08-02 18:13:35.303474,69.03,Clothing,PayPal
96240438-9d1f-4736-8f57-ea54c3b6fad1,5a59af62-3981-490d-b8c6-a314bf22ea25,2024-11-08 06:18:14.574332,346.89,Groceries,PayPal
2e309c2b-58b2-49a9-9e9a-69b3b34f9789,8bd387f8-2ae6-4792-8bd2-40025a201a1f,2024-10-03 23:04:28.093494,452.83,Home,PayPal
600d60c3-9589-49ce-9fe9-2eac45a9c194,3a4b29b1-9252-4f6b-af98-e9c0295fd6f9,2025-03-10 11:32:49.216664,231.0,Groceries,Credit Card
4de948d7-2d9d-4cff-857a-c1b67f4aa32a,c7543691-9783-4f93-9101-35c303b6fac7,2025-03-25 09:44:54.450830,83.96,Home,Bank Transfer
ed8fb8bb-1f7e-422f-ba06-f05162de0512,3a29248a-d37a-478f-8409-a4b16bfafea9,2025-06-29 18:54:11.222109,216.48,Home,Debit Card
15a5eaae-e3aa-4128-8bef-a45a4a2f815f,cee6a65e-9672-4bc4-8a2d-e214e7c60b4c,2024-11-23 15:33:03.486645,197.52,Clothing,Bank Transfer
0ec43479-e339-46cc-8fe1-bc1f2206c8e8,13b85309-a21a-4f6a-aff1-a21efcd66600,2024-09-09 05:08:06.504252,237.96,Electronics,PayPal
1c645b4e-9508-456a-808c-350f7d5e07fe,62364a5f-1d01-4b0c-8d2c-3026eb75dae9,2024-11-08 01:14:06.568181,234.59,Home,Debit Card
631cc4e8-8dad-49e3-84d9-973338e7689e,b4eb2f64-db84-4c48-b32e-cf345f536361,2025-01-08 04:29:12.360786,435.61,Electronics,PayPal
c440eaa5-7c7d-4954-82b2-65c60c85cb10,0ff6d535-ae6f-4d91-8de8-ae5cd6ca49a3,2025-05-05 19:09:46.991503,414.43,Electronics,Debit Card
de1baf16-8a73-4dce-9e08-75e8bea9aa6b,3ef4cc15-f7aa-4f02-89e2-466ab74bbe55,2025-04-17 00:22:08.252122,469.85,Electronics,Credit Card
77163d38-7cdf-4141-b4dc-2e7214cc1d3f,3c59d096-e451-4b0e-847d-cb719e557bf2,2025-04-20 13:27:20.765961,393.56,Groceries,Debit Card
44be1014-fab1-4a58-bb2e-63a055aae1e1,76e243e5-57b5-44f5-b1c7-465912f7b0e6,2025-06-22 07:49:43.256211,461.49,Clothing,Credit Card
c5c7c753-827f-44cc-b95a-869071a3e9ec,0ef52993-8f8c-417f-8162-0bc7e5ebd6ab,2025-02-24 18:26:03.379937,303.7,Books,Debit Card
2ff12c90-1f67-46e9-bb9d-441f63ed7152,e680f980-2d12-4819-98c3-06b5730bffa7,2025-01-17 02:12:52.750298,231.63,Home,Bank Transfer
92247798-3ea9-4695-b351-8e1d19eff3bf,00a8a46d-17e8-4594-bdc2-b9e18f0012b3,2025-02-26 07:16:22.523828,252.31,Books,Debit Card
196220e2-149d-42e9-9482-d289ddbd031e,75306061-65ac-4103-94ca-ce583da1c0d9,2025-03-17 16:58:06.563611,109.18,Books,Debit Card
6599728e-c366-4366-a618-7a360472daca,426b5e05-35b2-4a2a-84d8-313c14321fc0,2024-11-21 06:32:40.816046,192.69,Groceries,Debit Card
ba397e42-1533-40d7-af70-5c41f97d63b8,3e02e0e7-f011-4c8e-a9e7-aae1ddf6559f,2025-03-18 23:59:38.896561,447.9,Electronics,Debit Card
d75acf92-6acf-45b9-9203-7c6849af68be,0cc20956-9756-462d-b50a-527ef4dc06cf,2024-08-25 04:51:49.338178,125.97,Groceries,Credit Card
ccd5e92e-10e2-44df-afc1-1878e6100326,a05af715-428d-456d-82ec-dcc1fed36a77,2025-06-10 15:09:44.055356,211.71,Books,Debit Card
82c5676b-4d35-4258-99da-976a5effa866,1a4fab62-18d2-489f-b656-cbb5e2f0c018,2024-10-08 17:26:42.959063,353.93,Electronics,PayPal
8391b5c9-e53e-479a-a8b6-af18bec3acc8,5b2a1d99-c340-4b6e-abe9-988f5c2dacad,2024-10-16 03:05:37.321138,372.96,Clothing,Bank Transfer
94ba8bc7-b241-4174-b2bd-1dcb665b3fc7,848054ce-7cc5-4f97-ab97-3a4a69dba765,2025-02-01 05:44:50.288415,447.72,Home,Credit Card
a09cd363-7250-4318-8ddb-a6915cf134c8,596a406d-06d0-450a-b5ce-d7738a4be700,2025-05-20 05:45:58.538698,253.12,Clothing,PayPal
2d76d45f-e79a-46f1-96b1-2c21e5d7a625,887f7d04-b025-4784-8480-f40a06b39f64,2024-12-04 05:46:38.714054,46.37,Books,Debit Card
1ac0ae58-ee01-4117-8f2b-566326e24b1e,dd0fcf56-3b25-4bbd-aef6-64d9af3bb076,2024-09-28 21:07:18.814773,203.94,Clothing,Debit Card
55a76dae-1371-4ffb-baed-93ef37bb7568,17573904-57e2-4192-bfe3-554fe9277bc4,2024-10-22 12:20:04.513232,191.56,Electronics,Debit Card
f25a436b-870d-4f66-bca8-f39008c16d58,57018702-6a10-4fae-bbe5-13a3b7e3bb97,2025-04-26 23:30:56.592448,236.59,Electronics,PayPal
c6a8e92f-00d1-41a2-871c-ebbec1113ca0,2efcc6b3-12c7-46fb-b6bf-e1d8efa7bee3,2025-07-10 20:12:46.681153,276.95,Books,Bank Transfer
41e0c0d3-4c30-4534-8bbe-97239ad0941d,f9bef427-38ad-4596-948c-30597e0f4ad5,2025-01-09 07:16:17.113721,490.18,Books,Bank Transfer
98e5b962-34d5-4431-a446-f25f9d750738,dbcafd9b-7344-47e0-9c59-1a2352823e16,2024-08-06 06:13:21.250961,457.23,Home,Debit Card
e31308b5-de24-43be-8589-b7d4f1e2caea,fd6116ec-c7b0-4ee5-8501-b36f8d5bcd1f,2025-07-13 03:03:17.967976,183.71,Clothing,Bank Transfer
eaf0edfb-001c-4e77-ab09-9fc218cb4586,eb03b1bc-fef8-4c81-b9f1-0ca5cd7faeb3,2025-04-27 08:05:58.127871,149.23,Home,Credit Card
ca9cf081-fe22-45a2-b335-1dfdedd8efd1,1ed2447d-5e9e-4081-9701-645936b17fd1,2025-07-01 15:40:17.710768,196.26,Electronics,PayPal
6924d072-c83d-462d-a303-caefd457821d,3a157d87-6b86-469c-84eb-5874280c1421,2024-11-02 21:48:00.872313,216.24,Home,PayPal
61c3cd82-25a6-40bc-af52-31256661b791,6cffbe15-4a31-423d-8bd2-4ab93fec2f42,2025-02-14 17:41:41.460818,68.69,Electronics,PayPal
7defa335-3c3e-46d4-a60d-a69d0e6bb94f,a20daa82-24f4-4bf6-a6bb-907f595c4d60,2025-04-14 07:12:26.387715,381.32,Home,Credit Card
0e7c1afd-2356-4232-8e45-347aff0818b2,e3aed2fb-6d68-42e8-9215-acb4ac32eaf1,2025-01-13 04:07:04.663134,481.75,Electronics,Credit Card
da9d84b5-a0f0-49aa-94be-bef93399b11f,c68e1240-824a-4edf-b15b-b9a96c2ba89c,2025-03-14 09:05:12.815030,199.68,Clothing,PayPal
cff16a10-2957-4542-84c2-171b2ab6e1c1,26d6b886-e642-434e-a51e-5118f2500bf2,2025-03-04 06:42:14.367582,400.42,Home,Bank Transfer
01addef9-defe-4459-8812-3b0dadb7fd35,60898e20-a897-44c5-8b9c-bba95ca1c174,2025-06-27 21:46:54.127439,341.24,Groceries,Credit Card
d27e1c39-aa8c-40f2-9c45-ee320696742b,2c893062-1f74-4bd0-85cb-01d06c2b444f,2024-11-18 07:23:33.957845,69.1,Electronics,Debit Card
544926c9-61fc-4c84-8257-01fb6ba186b5,1e897721-94b1-4ac6-87e5-8c3e114c4ead,2025-01-27 18:21:39.728725,153.99,Groceries,Credit Card
ddbaab10-1e2f-40de-884b-3d1c0888ff7d,e5d3b90e-9fd3-4983-89e7-f4c8855afc1a,2025-01-20 20:32:08.442456,376.4,Electronics,Debit Card
dccbd7c9-058c-43bf-a821-7b878264be8e,650aee49-a149-46cf-af48-630c2a5e91e5,2024-08-26 08:26:47.094644,35.2,Clothing,PayPal
f12aada6-90a8-4913-a6be-d25ee8321ed4,2190d320-1ead-4c3f-900f-63fa21496941,2025-02-13 09:51:37.383026,150.64,Electronics,PayPal
a60091e0-99e0-4d95-912a-d60a04350d59,9bdf5154-0dd6-44b2-a05d-f56b7eb29a73,2025-02-08 10:32:34.078926,475.81,Books,Debit Card
84c15455-a3d2-4162-b68e-04d6fc395154,e2a23de9-b7b0-4585-9e17-860baa22569c,2025-05-13 12:53:12.636755,454.3,Books,Bank Transfer
4a4323eb-9f85-486e-9e94-f5a0f5cb5640,7cb619b4-58bf-4d74-aa75-f493b927f327,2025-04-01 22:52:59.361467,96.4,Home,PayPal
204af1c8-043b-469e-af74-a2fce64cba67,fc51989f-0550-4a82-9abe-d3c35d335a83,2025-03-08 17:54:36.885393,319.59,Books,Debit Card
9991da44-370c-46db-b65c-ea6bb9f691d1,9519a31d-af40-4dde-aac2-05d6c284bc9e,2024-11-09 10:18:57.885858,219.04,Books,Debit Card
776e4f64-5e09-4f86-aabc-71127d420f36,5cd2c95e-9a62-4f97-ba72-bb42edb8d3a0,2025-03-05 19:26:05.957736,48.41,Books,Bank Transfer
837060d5-faec-4497-b35d-7fc05ea6538d,ceaa9a9c-a9d2-4d22-abe3-3c539069390d,2024-09-19 02:56:52.825643,221.58,Groceries,Credit Card
ee6c5292-06ec-4991-9492-46968b736e67,151773be-4733-4d73-9588-c9c200e1fe76,2025-06-12 14:03:18.205054,286.8,Clothing,Credit Card
eaccbfbd-7dbf-4978-a5ab-4ff6e78ce0ea,b4bbfe3b-a245-43e6-9126-a9e501f437e6,2024-10-02 14:54:21.417014,478.22,Clothing,Debit Card
d2cec07e-d9e2-49ab-9f5d-ff680959d016,67a0add7-8ac2-4a47-bfd0-8964c81a2540,2025-02-05 00:14:13.359472,182.31,Home,PayPal
fcb53d3e-74d7-4278-ba0f-e2159b5b00e4,5bf1328e-9339-4554-964d-63a22547d2f4,2025-06-11 02:39:20.366111,276.43,Books,PayPal
38141530-c3c6-4da4-b759-39eb9dda4710,748f6616-38e0-47f4-a76f-6f4f16b3fd5f,2025-04-24 20:58:44.527319,28.73,Books,Bank Transfer
cc538cba-75ef-4d5b-bfe5-08b101b331ca,2c35edcb-c5e9-4195-975e-8cfef2e30d87,2024-11-23 21:45:32.009346,128.03,Groceries,Debit Card
b042dd8d-719a-4117-82f4-6f9a3a581da8,e1d07ad3-3ff6-42ea-9b02-80260e66377a,2024-11-23 03:39:10.130054,159.32,Home,Debit Card
654de84c-d6eb-42e1-a913-a811117fe494,9b33a2a5-5d45-4255-b453-0750a711b41f,2024-09-04 02:33:38.787454,290.34,Clothing,Credit Card
8677cce9-dfa1-458e-a62d-fd510c88e5a8,1abd6eec-bb7f-4cb7-a742-65674e1daa7f,2024-09-03 20:33:59.453961,381.26,Clothing,Debit Card
15ec3678-e84a-429e-8812-237d2e264c19,4b99045e-a88a-49d2-9d52-c26c74fe3a81,2025-07-06 02:13:51.006044,9.3,Groceries,Bank Transfer
fea95f50-7816-49a8-ae25-5be06c2f8da5,e85cf486-3f3b-4205-9ef8-9e2bb37032a1,2025-02-14 20:30:45.471246,38.6,Clothing,PayPal
90ee7ebf-bfe2-4584-910b-0cc9bcebb434,71e771e8-f570-4c74-8dd8-43ff7b3b412f,2025-01-19 14:43:05.041298,152.91,Clothing,Debit Card
cd30dc69-8b9f-47ac-920c-331cf30292ae,64a26df2-a2be-4ea7-9a50-ba2b9fd59d63,2025-03-15 17:34:12.771926,19.14,Electronics,Debit Card
b6817179-4e10-4220-9977-da70d8b1d76e,28b94538-8eb7-4a69-bfc6-538567152f8f,2024-12-27 20:17:39.388698,304.9,Home,Bank Transfer
ef1650d8-b7de-4b96-b4ba-c34330c487eb,3f346bdb-d1ba-4f1c-bddc-d1cf1062e3bf,2025-03-28 05:25:36.430461,277.84,Home,Credit Card
87a5ca24-233e-46dc-9a3d-42dd4a90e58e,c7347f3d-be6c-4b6d-afc9-70ba5ca77ae4,2025-02-27 02:54:13.310029,75.84,Home,PayPal
d11613b7-31ce-4ed0-8250-5ac2af1d59ae,3c4842bf-b942-48cf-8285-8f3d242b5870,2025-01-26 00:49:32.612929,459.56,Clothing,Bank Transfer
f43b2439-9213-4f95-a25d-81009f6df3e2,57c847dc-8dd6-4385-b575-31b8c3a70782,2024-08-26 01:45:00.563616,195.96,Clothing,Credit Card
54181141-ae08-4e38-9912-421d59e11da0,b3f84ece-4ea4-4313-bad4-f67e36a7bc6f,2025-06-01 20:13:23.999310,321.19,Electronics,Bank Transfer
f4e91682-25aa-4e81-8fae-bd5a6f333797,6856e965-1550-4696-9e35-d13042c040fb,2024-11-30 03:51:58.359953,14.72,Electronics,PayPal
6eb0c86e-b19f-4e84-8575-cf29d8219bad,68cf9032-2ea9-4e22-bc6e-72d0c110c70f,2025-05-28 20:57:39.409794,320.95,Books,Credit Card
d6e6cf09-9fe3-4135-97eb-eeabd7bdabdc,22966488-3e4d-4a18-bc0a-b4622df75ff7,2025-01-09 08:56:36.634731,489.01,Electronics,Bank Transfer
86096b50-b650-4126-b636-9eb78185b6e7,a5aa8990-e7da-4e4e-991d-55cbfb00c08d,2025-03-15 01:09:54.236961,431.85,Groceries,PayPal
bf3c7c78-c589-4f44-b631-a64319954428,601f7805-adfa-484d-802b-8da7fb1a51d5,2025-02-06 19:31:52.238934,346.8,Home,Debit Card
f0537d4e-6d7d-4c3f-9778-96ce02232ab7,b32f292a-f4d0-4999-85bf-4def47966aed,2025-01-22 11:53:06.233930,219.82,Groceries,Debit Card
573db049-d2b5-4771-b94d-450d4d57225b,c02c76bf-1b61-44f9-9edf-e6738427aec4,2025-03-01 18:31:40.662678,258.13,Electronics,Credit Card
3fc6c1dd-1f84-400a-a8be-486f1bc4d26b,a0fa21b6-ae3f-4e46-914a-80dac6e4ebb0,2025-05-12 14:42:42.216639,165.88,Electronics,Credit Card
c778051c-ad17-4564-9108-c7b075f0055c,56b695b0-490d-49a0-80e8-dbd6d4d8aaa2,2024-11-12 01:07:30.419679,499.1,Groceries,Credit Card
de2c7f8c-f933-42da-a30d-354722a2a2fb,ade4d757-4f96-40fb-a2ea-130c9125ceb0,2025-04-24 01:35:05.347625,18.94,Groceries,Debit Card
34096618-58e9-4981-a937-d9826e13ae32,d7f24f1c-ab8e-441f-8e12-62da5fd13772,2025-03-15 01:04:18.492828,466.95,Books,Debit Card
5aad5989-27f0-4bf7-b878-9b45041c4e28,c9254a95-2f67-4907-80e5-db8416d2cbc6,2024-07-20 22:46:23.529966,344.55,Home,Bank Transfer
59aa019a-86bc-4977-93d2-56d73d146d62,ce46ffbc-6a42-4b7f-af53-4acd590c8658,2025-01-08 05:34:39.944050,290.85,Groceries,Bank Transfer
93176c46-6100-4b7a-a83d-7346be7231bd,30bffe45-3904-4388-bd34-995e6feb7389,2024-11-30 17:53:26.782269,228.73,Home,PayPal
c941681b-797d-42d0-bb95-4b78e9fa3c3e,85a0e3ef-291f-4c3b-bc72-6b5276e1035b,2025-07-04 00:56:33.188861,303.73,Groceries,Credit Card
3f4cf1a7-2f9f-4f32-90af-a3887c9fbf13,6ae4b1b2-6088-4903-943f-ad49e268bc8e,2025-04-08 07:49:39.589861,404.93,Clothing,Credit Card
32b9039c-25f0-439e-a389-a93374dcc657,272d2eb3-82cb-4ad8-8f2b-57d9cea05791,2025-03-31 16:46:08.719065,179.81,Books,Bank Transfer
b0908ed3-f118-4378-b3d8-c83617746719,5c747724-8d8e-4325-ad93-d17a2047f02f,2024-09-22 13:02:52.472849,427.27,Electronics,Credit Card
8652d7cd-1f65-49fe-b86d-949e04612aca,e26312f1-9ae5-40d8-92fb-b68bc99f5c8b,2025-05-27 18:15:05.250609,357.63,Electronics,Credit Card
b689e016-6850-4500-84ae-80508ffaaab2,409f8a29-971a-4026-b3eb-a02ef573542b,2024-10-22 12:24:19.674281,200.3,Electronics,Bank Transfer
0810c979-80bd-4e48-8f1e-8a7e18bef134,507e29c1-40e2-4387-ba92-9feb16299b0e,2025-03-29 06:30:43.334500,20.84,Groceries,Credit Card
dd966f51-3b84-4e77-a1fc-434c0a95fa5b,cabd6298-068b-4236-bf70-4b3804a1aedb,2025-03-23 00:44:24.015508,390.04,Home,Credit Card
6be0cf83-2016-4ac3-b89a-ad15967408b1,7a17a340-1c6f-431b-a39a-6f4902c5c0fe,2025-05-23 15:22:36.726498,423.3,Books,Credit Card
fe82bb93-e68b-4629-8b03-3023c86f2d48,2c4867ad-da17-4868-9b8f-fafa24e3e5de,2025-04-26 22:32:44.040124,473.24,Books,Credit Card
51398a51-86d2-4537-add1-a655d9f4ed37,ae601572-9619-4ba4-90fd-8bbed2a2cf25,2025-05-29 02:57:04.036155,274.34,Clothing,PayPal
826be5da-c93e-4a18-bc32-3f44f3bb5ff9,9b84d9fd-472a-4744-9458-4e18c1405b07,2024-11-11 13:50:41.121524,33.16,Clothing,Credit Card
c9d7af8e-b41e-4b9e-a57d-8b77c0677105,ac0f5c4b-1ffc-4954-8e2e-960416f58354,2024-11-13 23:40:30.963681,49.02,Books,PayPal
615542da-5070-4af5-8264-f189461a9ed1,cffc908b-3185-4bba-b1eb-a224e00b3856,2025-02-21 18:02:01.283126,258.95,Books,Bank Transfer
4fa89942-6a48-4b63-99c5-59bbf13a02b9,182ef855-ac48-4a59-942d-5d7baaf2e0ce,2025-06-27 23:28:49.372278,370.88,Books,Bank Transfer
dce0aa71-1ba9-4a5e-acba-232983721265,8618fb3f-fda8-4701-be1b-c992a2fbf260,2025-01-04 22:00:39.565643,418.0,Electronics,PayPal
7eafab0b-b0c3-43aa-a8af-1f629b6dacca,01184813-f85a-438f-9ce6-832fe62ad296,2024-10-11 09:36:42.246047,51.09,Electronics,PayPal
1f62c1ce-b6d2-42fa-a5fe-5e381485a3a4,6cef3e24-619b-4086-98bb-b63604781ba2,2025-01-23 02:12:49.176501,252.77,Electronics,Debit Card
a91d86c4-87bc-479d-b402-95a7dd8a7f36,b7c353a3-95b9-41b3-a254-d7668033904f,2025-07-11 19:51:15.168172,33.04,Groceries,PayPal
d41087ba-64df-4d71-8e2e-8cfeaa7eab0e,c68eb68f-160a-4bb7-8e8b-b0bfcc089168,2025-06-15 16:57:47.618493,25.46,Home,Credit Card
4c84abd0-4985-42b8-977b-82ba8c4d8fed,19a05986-cda2-4dab-9c9e-30e31e27f8f3,2025-01-27 04:19:58.905399,412.73,Electronics,Credit Card
45cc89f5-33d0-49da-b66c-490d483f3ec0,eb45cf72-541f-44f1-aeed-5829b54eee05,2025-01-26 20:34:46.795893,36.53,Home,Debit Card
1a27b814-a00c-4b48-a7ed-92b9d265d8e2,3c4238df-446e-4dc1-a86b-3005687816c1,2025-03-07 19:57:17.240334,437.06,Electronics,Credit Card
e2f87d00-f8da-4f7a-91ea-bd52baa90ddc,27c03960-ef0e-410f-a22a-584b9099188d,2024-11-11 07:12:17.391787,201.1,Home,PayPal
fbb2de0a-201d-43f9-84bd-d65ba11938bc,84e6d2ac-2224-43fb-b3ce-0ec4d3001aa3,2025-04-27 10:43:39.640232,67.04,Groceries,Bank Transfer
1838530d-6d2c-4e4f-a3d8-3799a3003d33,b324bebd-00ed-4c11-8940-732a1b2575d6,2024-12-18 12:18:05.233521,363.17,Home,Bank Transfer
a001eb42-c767-404c-afc8-840bedda0b34,0e41fc5f-8dec-492d-9825-52f1a73fb71c,2024-10-15 06:06:17.094503,391.66,Groceries,Credit Card
63c43222-20d8-4046-9efc-843fe85544b5,90c5dcc5-609c-4ebb-83ff-0f648fc769e0,2024-12-04 21:48:05.110183,333.43,Clothing,PayPal
1c9ba1f6-dde1-4418-853a-909868bd7dca,b4438e5f-1605-45a6-93bf-d57132de7c94,2025-02-24 08:01:34.582312,291.26,Electronics,Bank Transfer
7d72b2bd-63f6-4d02-9c58-9293990db716,ba7f96a3-df88-4e4e-b848-206da34da454,2024-12-11 06:19:27.076926,29.08,Electronics,PayPal
9bf83c70-1a52-40fc-b412-65d4528e113e,e783f956-1cbe-4800-8919-0391165da465,2025-06-26 20:18:52.306033,192.52,Electronics,Credit Card
e5913e55-a62d-4688-a4bf-ed9c9c7c3841,84a88282-e1ce-441f-873e-ecbcf4043113,2025-03-18 02:58:40.443270,248.38,Electronics,Credit Card
514a5834-1491-45e7-8751-bb5003e3ab14,cab8f1d3-efcd-453a-ab43-d52a5d4458df,2025-07-09 18:26:59.046156,395.6,Clothing,Bank Transfer
ab933c2c-a087-4aee-8c2c-17741c807245,2c5ba3f1-d103-4ae3-87b3-ea38e7a8cd6f,2025-01-30 20:06:29.951318,78.18,Clothing,Credit Card
a38e7a47-28c9-4fbc-9043-f3ac3429421f,b8997abe-4f70-4d13-aa77-c04934ac1641,2025-06-04 08:18:34.607324,147.46,Clothing,Credit Card
724859c8-ee78-43bd-b17c-2bce7c96e022,7df103d9-d93f-4981-adbc-3b2603bdbaf6,2025-06-27 04:07:34.648643,343.88,Groceries,Bank Transfer
abafeb28-389a-4ea7-b045-0541fb225b5a,ee84fc2d-f9e0-44ff-90dc-30c52e2c3c91,2025-04-14 02:34:15.461285,223.06,Home,Credit Card
f31dd0d1-21f6-4a63-823e-e2e487a85ca5,9bf88cc9-a9db-4c4f-81ef-dd84a12309f9,2024-07-24 03:03:44.698904,331.93,Books,Credit Card
ce3f73af-e69a-450b-a2f6-2f6cf705be89,2d987550-0243-4a02-89d0-b818821c5e6e,2025-02-17 12:09:11.206534,172.46,Home,Debit Card
195f085b-8cd6-4d25-82ee-176f452ee5a1,044b0495-5b4e-43d2-a377-8efc318bba44,2025-03-07 00:50:21.656541,291.89,Electronics,Bank Transfer
7b292741-7a40-4fc6-a17f-b45b05b3133b,1a7cff94-170b-4310-a335-d77d7eb0afe1,2024-11-23 05:00:17.564061,201.55,Electronics,Credit Card
fe2df468-a299-4d7b-9e40-7338a106dd06,db8e54e9-b25d-44e7-bda8-270135e2e36f,2024-12-22 04:18:36.989258,465.54,Groceries,Credit Card
569bb91b-f433-4767-9c76-86bb26691ccb,20508d17-a4bf-461e-ab8e-f7ad73f7732d,2024-12-30 13:09:07.188593,420.02,Books,Debit Card
a52cef4c-91a0-4de9-88e7-c9b9f205682c,5d0c1121-4969-4704-98c3-7a785921c1af,2025-02-10 21:50:23.024747,81.43,Groceries,PayPal
08e61d19-0d3e-4d7d-a27b-ab9fe319b8d8,ce42297a-6456-45cd-838c-cf9ce4f206f4,2025-03-04 11:20:04.050992,13.55,Books,Bank Transfer
bef8ddaa-9964-48ce-aa2d-3008a3bf3ac7,338049c1-f865-4444-8acd-4c1354a1aaee,2025-04-25 16:14:25.898089,72.38,Home,Bank Transfer
6c9cd6cd-2c66-4966-8d1d-34af110954db,eca22a68-b349-4074-8a25-856452a3b210,2025-07-15 09:04:43.169781,158.76,Clothing,Bank Transfer
b242c851-f14d-4ca8-a3ed-040eff4c5df6,840b407d-d847-4f07-ba1a-1070b8c2d4e9,2024-08-28 00:39:19.175637,86.93,Groceries,PayPal
a25521fd-937a-4f26-add8-a5eb76cdf821,4834cc2f-d2e0-4e08-a762-0be69080f792,2025-01-31 11:07:39.836380,374.31,Electronics,Credit Card
77f1d2c7-9ce9-45b7-989c-7f9f8fdce51a,1e520346-43e5-44da-aef6-e30e922bdec8,2025-02-21 00:12:27.207290,94.13,Home,Debit Card
f793a2d2-bad2-4465-8730-f2df39bae049,25f00ad5-00b5-44c6-8d33-96e13a3d4726,2024-12-31 19:04:22.029250,159.81,Books,Debit Card
ca6fce34-f8e4-4812-a7e6-ec9849cea089,af22ad24-a2b9-4a97-a729-1b2c236cd49d,2025-04-08 16:14:42.095722,169.48,Home,Credit Card
2167b76e-cedf-40b0-916f-2f64f985edeb,58eb7251-a347-4a02-b5c2-1e89991867b0,2025-07-02 17:18:42.141255,300.7,Groceries,Debit Card
dc81c949-6ce9-47f7-bd92-2569775fcbcb,e6a23308-eaf9-404b-8909-d6fa3025c6af,2024-11-01 16:03:52.351801,493.28,Home,Credit Card
a9a9bca5-b739-4732-9f6e-7b7455f77b17,962bbdf0-b649-4958-80a2-0a723c9b51aa,2025-06-03 15:57:44.391380,113.15,Home,Debit Card
2230e65f-faeb-4f72-9637-71b4020d88b2,3dbb5295-4df3-4cab-9d5b-c89ef0dda46f,2024-10-20 23:59:41.102668,146.58,Clothing,Debit Card
428ed5fc-e9e8-4274-96bb-cc5c122487a8,d4720f01-96a5-4fb9-8a68-66c87bfb0c23,2025-06-08 12:07:21.078515,124.14,Home,PayPal
842e6be8-5af6-4d82-9002-556e75ef5bd5,268b311a-6b18-4568-9937-1c1357d55f00,2025-05-31 20:56:41.781167,392.49,Home,Credit Card
b3c17ca6-7e07-4c4f-ba2f-aef3c8d257bc,0b6225ed-0146-4f24-a2f2-1a58445678cf,2025-04-09 01:03:08.020833,395.29,Clothing,Bank Transfer
eb5b2ddf-ff7f-401a-a9a3-a9c090a9d699,807eb798-52cb-424c-8528-9e03b633a28a,2025-01-15 17:50:32.116557,420.4,Electronics,PayPal
219e6241-8e39-41f0-a936-3c4fb277ab79,9640792a-12dd-48f1-ac6d-bdb488885d01,2025-02-27 07:35:37.171306,18.12,Home,PayPal
b4ed117f-960c-4f91-b8c8-6577d3b9e4dc,7b77ea09-8505-4da7-ab37-b55c343bb413,2025-05-28 10:02:13.415615,130.69,Books,Debit Card
cf9a7267-1667-469d-9cbf-1f7ebd11d962,0f3ecfe4-3c94-4856-8b57-7cc4c10790c4,2025-02-26 05:57:47.141515,74.12,Books,Debit Card
d6c8186d-2a26-443c-a16e-524ca22afa58,277ed063-b3c8-4427-b6c6-e7a5f5eed247,2024-10-06 08:30:15.662362,125.51,Electronics,Credit Card
576241ed-04d4-4419-ab74-f40d4ebee796,f7472c6c-a3f5-4e74-a937-028906d66d8b,2024-08-14 12:24:39.315777,85.34,Home,Bank Transfer
41708b96-3e6b-4d1d-9027-983e848389f8,c6ec47b7-fa1c-4923-ad98-8ada3fc94127,2024-12-05 14:22:33.387367,183.5,Electronics,Credit Card
cc00c010-75f3-4c76-a88d-677e62bb972d,1d684ba2-040b-4ca2-a9ef-8e8876dc7702,2024-12-12 22:48:44.693898,301.01,Clothing,Debit Card
1b7f3b85-7a6f-4339-b281-a3f716c435fa,3eb928c5-ecc5-4d53-95f8-c112225837de,2025-06-09 11:46:24.110510,262.05,Groceries,Credit Card
abb90ff6-31ec-4992-ae77-519fc706f228,a8b5f51c-5f0a-4e58-aced-1ec3605b279f,2025-01-23 13:22:25.365599,127.98,Groceries,Bank Transfer
6c8bacbf-19b6-4a24-b1b5-a723c3f851db,ef4f424b-f682-4412-a827-117b116c5d06,2024-08-04 12:44:28.834967,286.58,Clothing,Credit Card
f39c9188-74b7-4ffd-891e-12437fd490ab,04b7707a-34ac-4cf7-84bd-1e67d28ee640,2025-07-05 10:33:54.191731,476.73,Books,Debit Card
f6874e30-ee75-47d1-bad8-75a8972a99af,f1687481-0978-4d82-aef3-50f3883f8dba,2025-05-26 16:41:30.381552,378.2,Clothing,Debit Card
171557f9-2eb8-4d27-a1fe-58450951042f,3c52183c-3fcc-479f-b80d-3bc34e93a1e6,2024-11-03 21:17:38.428736,498.59,Home,PayPal
6b6030a5-3e1f-4cb7-af5b-c1531715d529,87149385-712b-4af9-8ca5-cd509dea2404,2025-03-08 04:15:16.900252,194.03,Groceries,Credit Card
19da6840-84ac-4e75-a794-8acc65b062b2,bf23d2d0-c949-4a7f-bc72-5c96547c0e55,2025-07-07 20:20:23.867409,119.58,Books,Bank Transfer
c68dca27-656a-414f-a128-a0b3dd97cd8b,87c94e52-74a9-48be-9d64-52321cb96e9a,2025-04-18 06:37:28.232028,208.34,Home,Bank Transfer
d96d335d-8d72-4a14-8dbf-187118ab2bd2,732968ac-9d12-4b23-8729-a99fb3140a56,2025-02-17 00:13:42.511909,91.26,Electronics,Credit Card
c8be583f-e70a-43c1-8fa8-ac4178e6b8a6,7bc426a7-51a7-478f-99f3-0e8115c22350,2025-03-19 20:26:11.365877,209.57,Home,Bank Transfer
9afa142c-732e-4727-a520-1053b12804d7,1002387b-daa3-4afc-af6e-0e65fadc43b1,2025-02-13 19:16:00.536686,258.48,Home,PayPal
aa1ce29a-2570-4b24-86b9-b7aca8caf6e4,2956485f-b907-4f59-8062-471d7852111f,2024-09-07 08:31:21.372557,12.31,Home,PayPal
53c0bce1-f551-435c-b930-d30b20929b85,8c41fcf7-9ff4-4378-bc54-60662444118a,2025-01-04 22:00:18.376153,433.77,Clothing,PayPal
84ed2beb-a227-477c-b634-087ff64c24ec,e7e7f75f-67e1-4fb4-9798-4b23d89877a7,2025-03-28 16:09:19.535360,332.5,Electronics,Credit Card
8c195c3e-8223-44ea-96b4-9a0a66e88b7a,2b9ca4b2-95c1-4112-a435-0eb041e81406,2024-08-08 00:36:43.523566,157.16,Electronics,Bank Transfer
a10923cb-fa77-4ac3-a687-f3bc5281baf3,bc492acb-542a-4b80-b304-f9d61bc243c9,2024-10-29 16:25:39.721727,36.24,Clothing,Debit Card
72671831-ed42-434d-b6fc-d5d16a258682,79d4de5c-e2f5-47a6-99fa-3a2f2f7cebae,2024-11-01 06:36:28.712707,11.58,Electronics,PayPal
95ca39a6-7a73-4b15-8b7e-f20aa97ebd89,0dd7202b-0ab8-46c5-8487-df8952a5adef,2024-11-18 00:16:09.626256,484.45,Electronics,Bank Transfer
89405417-c822-4ec9-8117-9ba6441e96b9,1b7de3f4-abf4-45c1-a5e7-e5f93043da22,2025-01-01 04:12:41.672542,250.19,Electronics,PayPal
416b6231-c701-48a7-b09d-2ce005e07b0d,dc8ef345-5455-4677-8279-5616f4a510db,2025-03-16 23:11:00.105581,290.32,Groceries,Debit Card
f81e6a5a-cc96-45df-bf81-018608048b96,d43d5b53-9de1-4c52-a813-cbdc72f820d8,2024-12-29 08:18:55.888433,317.29,Books,PayPal
8fe26bf0-d42e-462e-89bc-264f0958ba78,20ae1b16-61f3-4c8a-9e7d-15963333b8b1,2025-06-19 18:54:53.710461,428.79,Books,Debit Card
b12ffbcd-820e-4895-acd3-1f06e64dda25,b5e1e5fc-974e-4822-bf86-e9a59585161b,2025-06-23 04:07:52.153054,417.56,Clothing,Bank Transfer
fa4c84d2-2ffe-4b89-a6fa-466eb4d943f9,65a059bf-8e2e-4b88-8449-b01c0af42ce6,2025-02-25 01:45:05.414058,381.19,Books,PayPal
3ac4bbd3-9169-459f-b64a-baac88689130,0f3cd705-18af-41a3-8839-73d996da0da5,2025-02-22 19:01:16.543162,253.51,Clothing,PayPal
73c2e2c4-16bf-4931-90e5-3f92eb652205,a5acb3d3-e88c-44d1-bbc5-99fee0948168,2024-09-23 16:12:16.772335,268.2,Groceries,Bank Transfer
142620cc-959a-443f-88e0-dc755e961ae3,ad37f12b-752b-4032-9dff-b83bb5558140,2025-06-19 22:48:48.627580,197.39,Electronics,Credit Card
868d606a-18e1-49ed-8bdc-e5281eaf5798,0dd91e3f-de21-4f48-bd85-44353189f3fc,2024-10-25 04:10:58.550639,60.41,Groceries,Credit Card
da204a46-6876-4942-95a8-08a09aa09cb9,1b3cd0d7-453e-472b-a6e4-bb54a1ff70e6,2025-04-03 21:03:37.853605,316.83,Clothing,Debit Card
6ea7edcd-86f9-4cd6-b53d-4ec47a033116,c8af3bf5-98d7-436b-a363-3bcc9dae0eeb,2024-12-09 17:35:12.103126,221.18,Books,Debit Card
b8914b7c-a015-44aa-aef8-92fbbcfe9301,6b9c9861-f61b-40d9-a2e0-167e7c35f9a1,2024-08-01 11:49:55.399577,237.38,Electronics,Credit Card
0b5e7cf1-3bf0-43b8-aebc-a12d1c37fcdc,16b0b309-11a9-401c-99b5-95eaaf6fb5d3,2025-07-10 18:46:25.058939,177.71,Home,Bank Transfer
0e840131-26d7-45d3-8224-670ffdaa6aa3,9748daa0-2f35-4194-bc96-b72975ae7703,2025-03-31 07:41:12.181154,32.51,Groceries,Bank Transfer
097b5af3-03fc-41e8-a206-f2f8b602d687,53c67853-b989-4e00-8b2f-2016748085d0,2025-06-04 10:33:31.856937,90.5,Clothing,Bank Transfer
7b575f83-1abc-4461-846d-f4688d995975,6a9f781e-eff5-4fcc-b31e-8bb5723a6849,2024-10-10 08:06:29.280307,331.02,Clothing,Bank Transfer
b32d959f-2747-4290-8b75-9237ce878f8c,5e58b2d9-e82a-44c4-a8fc-693090867113,2024-12-07 11:51:07.353703,405.92,Electronics,Debit Card
d2d973a3-ea4a-4b74-843e-10f09b0bc864,db9df867-863a-4e8f-8b3e-eeb590178538,2024-11-03 16:30:41.698798,9.51,Books,Credit Card
1a63fd30-90d5-4a91-9f46-3fa8704b0fd5,f56f3886-6c6e-4130-97cc-6acf6140fd83,2024-09-05 07:37:01.677529,57.98,Groceries,Credit Card
dcf98181-ac79-4f88-867c-8c0d6a3f149f,3bd8a908-2ecc-4456-832a-81ccc425ea0a,2025-03-30 09:15:22.358188,261.59,Home,Bank Transfer
476ccbf0-ee35-4e92-a750-56c20d437abb,993902d8-c84a-42a8-b010-469de30be151,2024-09-23 00:00:24.085833,75.74,Books,Credit Card
deb01a99-1594-4fc8-9661-9794a550b83a,f5704fac-c4b2-49c7-917a-7ece82752969,2024-07-28 09:01:26.550226,478.57,Books,PayPal
a7b86276-ea2c-4930-a89f-a2b8f48bd8d6,8a851e91-ac68-41a0-897e-c06ca0b9eb25,2024-07-31 01:15:48.890499,373.38,Books,PayPal
c0769199-0631-4dde-af90-6a8cb1c4b209,a96a9bb8-4177-4ff4-b48a-5af472042646,2024-12-09 18:59:28.080367,243.71,Electronics,PayPal
ad8aaa70-d4f5-4af6-af33-f42e483afa1b,ca5dc98f-6fb2-4996-872d-01611a565d0c,2025-05-19 13:49:07.921456,23.03,Clothing,Bank Transfer
ceeccc0f-dce8-41b7-b965-be853459e488,7bc78bd4-493e-428c-b79c-a3b1d093fcd4,2024-11-27 12:20:00.488327,251.3,Clothing,PayPal
65cc3f1c-8ef7-4bce-929e-07940ad6a02a,1ed633b2-4f75-4308-a268-22622847e536,2024-07-18 09:33:09.403647,299.62,Books,Credit Card
bab5611c-f13d-43c2-92d9-d32c58b5b649,6e90bf96-03c9-432f-87cf-d69150c1a5bd,2024-12-25 23:16:34.188789,231.04,Home,PayPal
06f0f31f-2e44-467b-aaec-739d1688a440,c3584a4c-8fd1-48b1-bfc9-c4f38f411f49,2024-07-21 02:35:46.319796,190.02,Books,Credit Card
1fb98d6e-8ff4-4572-a315-c1487fc3285c,0ad9ba43-8ed9-4ba8-b66d-c425becd80a4,2024-12-17 07:37:35.633513,248.63,Books,Debit Card
9e979c2c-a47c-4d63-a3b6-ce79e089bcd9,56c47991-3b6b-435f-9cba-3e32ef22e14d,2024-11-14 14:51:53.533078,348.45,Books,Debit Card
dc9acd08-23b6-47ae-9c6a-b0a7203c40e3,948af1e0-353f-4761-aaf1-edc9e04b886d,2024-08-25 01:40:39.114073,344.42,Books,Credit Card
dcfb165c-062a-4c37-ba93-9f60619c6570,4203a696-fc07-4e76-9ba9-8a985b072066,2025-03-24 16:01:29.041240,276.55,Groceries,Credit Card
78f6c6c9-7c2a-40ba-b0f8-97bc2bb06e70,2e661feb-71bf-4ad3-9635-522167bc5f03,2024-09-03 03:06:12.662950,285.18,Groceries,Bank Transfer
60b91e36-2475-4073-aeeb-23503d97da8e,7d3e0529-a9ef-4f4c-b26a-c4672dcda8e5,2024-12-18 19:42:45.795348,154.86,Clothing,Credit Card
29459378-3cdc-49fc-a0f0-66745c27db4e,aa4ba841-1779-4992-8699-86c31152dc58,2025-07-07 14:14:15.627867,205.92,Electronics,Debit Card
45c78cbb-7533-47ff-a7b3-4cfaca50c37a,586e90be-38fd-4d9d-b78c-5b270100a2a4,2024-11-20 04:39:03.649483,488.19,Home,Bank Transfer
1c85ac39-0fbe-417f-9ed1-55387c449aba,075cea94-c75c-4c3e-ab28-511e17aa6d84,2024-10-26 11:28:35.742486,299.08,Home,Credit Card
440451e7-dfb8-4b7c-ae2e-55bd311bf3de,bccb34a1-fd86-4de8-b513-77f62dbc641c,2025-04-25 02:22:44.391956,308.52,Home,PayPal
616a0f4d-a4fd-4c27-a780-bc504bc70d0d,3c5eef05-f4f6-4b6c-811e-200935bfd566,2025-04-12 23:07:52.350918,329.72,Electronics,Credit Card
ecd6c640-fb7a-47d0-a17f-f62f9300be7d,05d897a3-96ad-45f9-9fff-0dfb4169579f,2024-10-28 15:04:28.322289,434.6,Clothing,Debit Card
30a6b990-6dfd-43a1-82c8-666df9b6f76d,99886506-08ab-4c3b-a3dd-ff24f3499816,2024-07-25 10:06:02.723463,382.6,Electronics,Credit Card
b5e858b4-a090-4544-83d0-ab633bccf717,cb2fe804-5db3-4eeb-a851-b48f5aad4cf2,2025-02-04 07:51:00.619038,309.67,Groceries,Credit Card
4311ee67-1e1d-410d-af59-39bd2a63e0fc,6c898064-f583-4664-a76d-74e27528827b,2024-08-25 21:00:36.133189,51.7,Home,Bank Transfer
587d7959-9a7f-4efb-8606-c52e0e598af6,660e97ed-2771-427e-b448-50e5baede1ab,2025-06-04 02:32:26.813702,282.14,Home,Debit Card
0ed3755b-2f47-4702-9844-87c0dba57bd9,12072378-9064-41cc-9726-c1fbe45965d4,2025-01-30 16:30:41.474823,356.73,Electronics,PayPal
4e178ca1-306c-41d8-8f43-df9e30f99c6b,6946cd1c-6e37-4b66-b684-f390133ee560,2025-07-07 23:37:49.001434,438.37,Clothing,PayPal
ea9bd65c-6060-4214-8606-d250b70eb914,1ae888a9-a6ec-4ce8-9dbe-93b4fab7dc58,2025-04-11 12:37:41.772345,410.53,Clothing,PayPal
dff1d637-0782-4549-9066-da4d83df8c15,e0cada04-f12f-46ab-be32-6c47a6afae12,2024-10-20 07:03:39.597820,384.18,Books,PayPal
e61c6121-5bbc-421c-920a-c4c1e83865e5,653e0e86-a225-4db2-94b2-4af45d624560,2025-03-01 07:21:31.528549,233.13,Electronics,Debit Card
d48c5516-6ba2-4e1d-b390-dfd6b1a014f3,0a96c940-0dfb-4437-b871-b6db63d34850,2024-11-04 20:49:37.912266,428.7,Electronics,Bank Transfer
18d81524-5c23-4d6f-b01b-710d999d5fcb,3149b181-0c15-447c-8053-8c698be67e12,2024-10-24 17:30:39.193169,214.77,Electronics,PayPal
42fa093f-e777-4913-b238-c13ff4690cad,6f34cd9c-7b26-4764-b5ec-b21402ab99f3,2025-05-18 22:36:12.648484,440.13,Clothing,PayPal
b5876d81-51a8-4373-872d-e79e1ef1da2c,87a6c92e-1cdd-42aa-bad3-60f400d7b93e,2024-12-10 18:18:52.386165,95.5,Books,Bank Transfer
b144b370-a406-4c17-b43f-2d7cd6a4618d,9e2251b2-14d7-4fdf-8c73-27a7c61c4d7b,2025-07-14 06:22:14.052906,255.53,Books,PayPal
0e9ee6fb-b71c-40f9-932d-62969d9b6a89,bdc91220-ca5b-44d9-93eb-f1c489d32a3b,2025-03-27 06:26:21.013657,8.14,Electronics,Credit Card
3ce42971-8c49-4461-ab08-c59d238e6a1c,9be47cff-1768-45d1-a803-7617689a8f4d,2024-12-16 12:34:54.208599,87.26,Home,Bank Transfer
3c96840a-5807-4c16-859d-b3cb6866e38a,5b771f18-2cd4-4df9-b0d8-e9da771fd6f5,2024-08-25 06:37:27.742945,181.02,Books,PayPal
df6ab632-7fbd-4c72-b676-2d90960bbb3f,9a0cb056-7713-468a-98e2-53af1de98b53,2025-02-21 01:39:44.216409,334.82,Electronics,Credit Card
230839b2-7361-419d-ae56-07ff5b0ce137,b3505648-6b21-4e7d-8102-e806b108503d,2024-11-14 18:17:31.454040,449.86,Electronics,PayPal
1b5adc30-c5ee-4f05-8a96-65f67f2b2687,a6c59df6-1004-4fab-be3f-e0f163de33ff,2025-03-17 18:45:16.459668,260.33,Clothing,Debit Card
e2ad6135-cff6-4273-a226-d8b321639fab,dc3e72d8-0a60-4ac7-a97e-e612da8e2fe7,2024-09-25 19:04:31.922992,204.36,Clothing,Credit Card
76fad6b0-664d-48bb-83e8-8bf978df90ff,74bebb8d-4e9f-42af-808c-56f9430b5622,2024-10-05 20:36:34.634954,20.3,Books,PayPal
bdb90da6-49e6-426b-a67b-61369d1d066d,e281c835-c238-40d6-966e-da3141c3c922,2024-08-19 05:14:37.634443,445.89,Books,Bank Transfer
4033fd9a-8bae-4508-853f-35145fb77adb,3db31dbe-d1b2-4248-a603-cf1b5c177c3d,2024-09-11 20:06:31.797943,116.66,Clothing,Bank Transfer
6ff8406d-064b-4a1f-86db-278f9b2c2ca8,03f85078-a2fd-4cca-99a1-75bed401ea3c,2025-02-13 07:39:14.357034,434.45,Home,Debit Card
2b8e2bff-310a-4f8d-bf17-1902ebf33cd8,1c339da9-7ff0-49b0-948a-7604f81b6eee,2025-05-06 01:12:40.508645,384.3,Groceries,Bank Transfer
7a4a2800-9aec-4038-9054-b313b5e725b1,d6573a56-f64a-4241-8483-2bf1dd222574,2025-05-18 06:33:58.061815,248.82,Groceries,Credit Card
57764202-a522-450a-8af4-1b6d33772880,a2667443-b51c-4c97-879e-a2cd30b908d7,2024-09-26 16:06:39.488082,121.39,Groceries,PayPal
c3b70d79-3d6b-4916-a33c-db0f7e47dfa9,2dc622ff-f268-40c6-be7e-3efec248d4a4,2024-11-26 04:00:03.327839,71.23,Groceries,Credit Card
3cfa270b-2f55-42f5-bfeb-314bebb056e3,a0301be6-751f-4604-9db7-6ca6f941589e,2024-09-06 13:46:02.398738,256.23,Books,Credit Card
c6a56799-31bd-431c-9506-f4c81bdaee9f,da3fa00a-22c8-4be6-bfce-4af8fa749144,2024-09-27 11:07:02.237716,52.7,Clothing,Credit Card
432d3ec7-a3a5-4cb2-9556-8089ff526711,2d0b0c5b-9790-4649-a37e-4719f5dae92b,2025-03-29 12:22:54.083959,73.87,Electronics,Bank Transfer
83a1b4b6-ebd7-47b7-82da-ceb30c86d176,3d47b711-c4bc-4591-bdb3-9e1ac177c8d0,2024-10-15 15:00:49.579425,280.49,Books,Debit Card
57402a68-67e6-4eaa-9dea-980f4b9b900a,4331eaaa-f9ba-4ace-8d06-4b004a548670,2025-01-04 17:03:02.993121,360.03,Clothing,PayPal
ab5dd353-3eb6-436e-b526-a399ea4accaf,1df4c5ba-b788-4ce1-85b1-0bff1d351b4f,2024-09-15 05:23:24.039557,236.92,Electronics,Credit Card
8e795742-9371-43f3-9ac4-f3a310b91e17,c72f6130-b70d-476e-b65c-6bb6af5f4c9a,2025-04-11 15:29:12.917827,391.07,Books,Bank Transfer
8a3c03b8-d087-484c-a4e4-ce37cdc00add,e3bf6e49-c592-42e6-a95a-0ad734c5e777,2024-12-21 19:49:21.365474,420.25,Books,PayPal
177fd00c-b583-4b2a-a3bb-1e5330fe0e5e,d9e776bb-0011-4564-988b-9745b4b7f17e,2024-08-02 10:51:19.728645,16.89,Electronics,Bank Transfer
435f6df6-71b3-4645-baf7-7acaf177e38e,f464b215-8cb1-4a0c-92d0-9f5533ff4651,2025-06-19 11:47:05.887373,24.6,Clothing,Debit Card
30e10e2e-1478-407a-bae3-c58dc620eee3,cbe13e3f-a933-44d4-b8be-d0b937c6c000,2025-05-30 21:50:17.850011,495.6,Groceries,Debit Card
993c538f-4d10-4492-9ce2-90e29a23c236,6408427b-4131-4aea-9117-09e69a2bffbe,2025-02-20 01:57:42.114872,39.96,Home,Credit Card
e0cfc747-ef57-4fd6-a995-5842826e5ec5,2ceebda2-9ffd-441d-91ff-fdb3a04009df,2025-06-11 09:57:07.878379,419.24,Books,PayPal
3f3fb387-f297-4179-b994-6ded86124444,6b0ac44e-c38d-408e-a00d-615cebf27383,2025-04-19 11:18:29.668819,173.81,Clothing,Bank Transfer
5103b02b-668a-4eab-b7ce-5ecf2291ca6b,9ac13b9a-ea17-49dc-b6b3-29de4b670925,2025-05-05 18:03:48.930447,43.99,Groceries,Credit Card
f59e066b-b566-44af-bef8-90b9bd1c995a,8f1e01cd-073e-49a0-82c6-16b7d69e51ea,2024-10-11 15:56:33.028575,168.38,Books,Debit Card
06b71a56-cde7-47b9-af6e-b174a7e4b38e,dda1c30f-37dc-4f73-8795-e4c4e7814d63,2025-01-08 15:28:11.750923,450.03,Home,PayPal
4160d8e5-824b-49b0-83bf-18b62e6ec31e,cffd5365-f7eb-47c9-8bfe-bf9ab9295903,2025-06-13 10:00:57.766700,499.39,Electronics,Credit Card
a7744335-0a0b-4b6f-8f3a-199cf011ab73,5e574758-e922-40db-9946-a30558396156,2024-11-02 00:56:02.907076,9.8,Electronics,Debit Card
3ca66dbb-9ce0-4ba7-8257-d605f07c9f40,aaad83db-3685-4467-9edc-fcf93bc601e0,2025-06-26 01:14:47.397846,36.16,Books,PayPal
12dbbcc2-abad-4ed7-a29b-3a9f0c8adec5,31a3f4d0-2def-4327-bf4a-f55c541e97de,2024-12-08 20:50:57.538364,88.33,Books,PayPal
09d1a04b-8624-40ab-87f8-b998cd8189f7,9c7a42dd-c452-4067-a145-5e078fbef6e2,2025-01-29 21:06:58.800989,261.28,Clothing,PayPal
974340c0-f9ba-465c-9df0-2c761dddbf84,d0cba96d-b6d6-48d2-9698-63a9ecf29436,2025-04-14 03:29:56.297766,414.59,Electronics,Debit Card
595ae470-145e-481c-b335-c2993b8e9077,9d4e3b44-21da-490f-824f-d106f7c0c972,2025-05-06 02:45:03.152913,447.91,Home,Credit Card
d15ca29d-8442-41a5-98f0-3f63d5659601,345d384d-26f8-4836-bb66-140e03b63979,2025-06-26 06:22:38.486127,16.15,Groceries,Credit Card
4ac00004-fc31-4c0c-8688-a25c42791882,cd30cc17-4ef3-405e-b53d-679f1cfa840b,2024-09-25 04:24:52.875573,400.18,Electronics,Credit Card
1ed9ea14-5b79-4622-8501-cc5b9933dc44,d060abf4-c5b6-458b-9687-671c76dc6104,2025-03-20 12:53:27.308287,73.42,Clothing,Credit Card
d2d8725b-35ed-4c05-8e2f-c55999308032,48a83b76-dfc1-4e1c-af30-ab4cc7e81445,2025-02-18 23:38:30.876922,463.26,Home,Bank Transfer
a69fd925-64c8-42a3-a7b4-8b878f529c04,0adac2b6-5412-4a5c-a41c-ad4fae9045f4,2025-06-11 13:58:23.834064,473.9,Clothing,Credit Card
a8f2ee79-84b0-4eeb-8926-17c185a367a3,c6ba4cf3-aa0f-41d8-bef2-f8539ad2652e,2025-05-04 13:15:45.474010,15.28,Home,PayPal
4016ffe3-6ac8-4ab9-8b86-b0eb17142c9c,e749d87e-70ac-4b5f-9b22-6535311470d9,2024-12-11 08:49:07.747673,448.16,Clothing,Credit Card
297d0e16-7582-476f-9e6c-97e86e084e85,fb6042ed-c543-4759-acce-7274e06f5946,2025-01-11 06:28:52.482789,410.67,Books,Bank Transfer
1a515f25-f86a-4113-b7c6-782079196320,4ced8fa1-0a6a-40db-b948-2c3263af8925,2024-08-09 15:07:02.484458,58.05,Home,PayPal
0e2adaf6-c9ae-495e-a09f-eda6eaaaca44,5bd5ca87-1883-4edd-be96-be1bbec0876c,2025-06-12 05:22:26.227468,99.85,Home,Credit Card
4a168205-3e6b-4efa-b7ab-c9762123ff21,1334834e-74c5-4fbe-9c38-3482185b370a,2025-05-29 22:35:52.039752,463.75,Electronics,PayPal
a7f735b4-5fcf-42d6-8dd9-afdb595f943a,eacc5a63-9f6d-49ac-a6d9-c8dcd7266ce9,2024-10-06 05:08:32.358902,255.98,Home,PayPal
dee8244b-1a83-4233-a773-bec7dc68051e,f44411d2-9771-4f55-9120-55f6407a4060,2025-01-24 02:00:59.310110,148.0,Electronics,Bank Transfer
3e74d483-29d3-4722-b7d0-9846ecf893db,121166a0-adbf-45b7-a14e-6c096f94c225,2024-07-28 08:17:31.489713,470.77,Electronics,Bank Transfer
206d7f66-435f-494c-a65f-5513bcdb8e1c,a4d7eb57-925f-45a7-ab00-4ea7a8939955,2025-06-09 16:18:35.184853,183.02,Groceries,Debit Card
3fa91902-4cc4-4f3c-b3e5-c5eb96c17acc,03de0ed3-3d20-4517-9edb-41e9fbe5349c,2024-08-17 16:45:53.467355,487.23,Electronics,Bank Transfer
f515020f-6207-4698-a756-fc497e982218,6d96bc8d-6f70-47f6-8bf0-ff79f7a32b67,2025-03-24 17:55:47.612158,247.36,Books,Bank Transfer
5f099718-f238-48db-b02e-73e7855ee0f2,1eebe29c-9e95-4544-a077-00bfb511b01f,2024-12-05 16:43:10.561734,250.0,Home,Credit Card
4410b54a-dfe6-4e56-ab50-443b75e29222,976e66dd-03cf-4537-bf3d-3a0e4a3ae252,2024-12-16 01:27:04.997070,37.06,Books,Credit Card
34cd6cab-89e0-4464-90a9-1a5a137fee85,018eb1c7-5b72-4d03-98fc-d86bd3c83a56,2024-11-27 16:25:14.163593,314.67,Clothing,Debit Card
5cfaf41b-88f1-4415-8c90-4862e23cbeb9,73e01a0f-582b-48d1-a4a5-22cd9e0ab990,2024-08-31 04:37:25.106217,232.69,Electronics,Debit Card
7d57e80e-c98b-49cd-ab5e-f5f6cbf7b1c9,8c5fac73-f003-446b-ac8c-f37d770349e0,2024-08-25 11:00:56.194500,129.95,Books,Debit Card
49826b4f-d107-4573-8f60-46cd0f90e115,aa3552c9-527b-4f96-8706-216d19429192,2025-07-17 13:22:25.677793,475.98,Electronics,Credit Card
6e87b4e7-b18c-49b4-8d63-a2f0bfa77b28,331a64e6-183d-4083-86d0-fba8f49be306,2025-05-05 08:46:05.289759,385.67,Groceries,Debit Card
e61c2d87-dc53-46a9-a61f-1b7727f42635,cd1a57e8-2439-4d5c-975d-a0b0ebbb3a93,2025-03-28 00:46:59.571451,296.04,Home,PayPal
3ff0caed-cc08-425a-af9d-4f344600c17b,e0fc4c1e-e5b1-4773-bf5d-6243c427a6ed,2024-10-12 17:51:31.411537,76.74,Home,Debit Card
891c60c8-8513-4bd0-a0ca-98fe14c904a1,d1007020-2a24-4f6c-8ea2-d165187f417d,2024-12-22 07:25:08.303286,474.32,Clothing,Debit Card
6485c153-1dc2-416c-97cc-d1027d968699,c8e12190-f335-4485-aaad-6473add865b5,2025-01-25 01:44:12.151954,426.27,Home,Credit Card
4490ca49-bd42-4c4e-989e-e16394554597,f9eb71cd-07f5-411a-aac0-90b92ea34794,2024-08-03 08:23:07.486263,356.31,Clothing,Debit Card
